stake_address,status,delegated_pool,total_balance,utxo,rewards,withdrawals,rewards_available,reserves,treasury,Index
stake1u9ylzsgxaa6xctf4juup682ar3juj85n8tx3hthnljg47zctvm3rc,registered,pool1pu5jlj4q9w9jlxeu370a3c9myx47md5j5m2str0naunn2q3lkdy,0,0,0,0,0,0,0,0
stake1uyfmzu5qqy70a8kq4c8rw09q0w0ktfcxppwujejnsh6tyrg5c774g,not registered,,0,0,0,0,0,0,0,1
stake1uxs70hw759k87fptvajc2w7erzq4pkq9u9gjf9g4h362h6seaedh8,registered,pool19w5khsnmu27au0kprw0kjm8jr7knneysj7lfkqvnu66hyz0jxsx,12556675057,12024820965,1446936701,915082609,531854092,0,0,2
stake1uydhlh7f2kkw9eazct5zyzlrvj32gjnkmt2v5qf6t8rut4qwch8ey,not registered,,0,0,0,0,0,0,0,3
stake1u85jzzcp0dyl3xxqpjy5x7fqyadg9r2aq2r6lhhq4wnjwwcfkkn7t,registered,pool1ahazpr2yz5gljk2m4q8g7wnmq7m2sr9unhdfmr5arhqrjnntwdz,60018161141,59958601229,3923255492,3863695580,59559912,0,0,4
stake1u8c0855tmgsljs3sxpf52657ln7cwvtsdghv4u8zr3d4u2gjlugxj,not registered,,0,0,380724942,380724942,0,0,0,5
stake1uyxa895nulwuqe9m75g8ggqeu2a25dl4drh7mrujp3ms3pqhnnhuf,registered,pool1ddskftmsscw92d7vnj89pldwx5feegkgcmamgt5t0e4lkd7mdp8,2262654574,0,3023079659,760425085,2262654574,0,0,6
stake1uxsgkz6fvgws5wn80vckwvghzapnhfmf0672nmmkm2tt9fcaau5sw,not registered,,0,0,0,0,0,0,0,7
stake1u8r9vvpvew8fkw3lzfq2ezk38xwpcktf8g6z6fml5ntz0scarzg99,registered,pool1qzlwlpcsgflr9z3f24fg836tyq45p0kf5cnrp20s8v0psp6tdkx,145016089,90866282,3298824932,3244675125,54149807,0,0,8
stake1u9z2msz0qr3lnt6q07fhv00vj5kp9dlfyjd9ax8v67a2nugfxvsxx,not registered,,0,0,0,0,0,0,0,9
stake1uydzg05hgy3vp6evchsxej7cz2le3h5jmq920qg9mk7prjcwlmjff,registered,pool16tcjctesjnks0p8sfrlf8f3d3vrp2fdn2msy80sgg3cdjtayu3z,6522480,0,210785182,204262702,6522480,0,0,10
stake1uy3zf0rcsx639y2d853v5fjat7v02lz5qq7d4rgmcd8qu4qfkvlvd,not registered,,13634380,13634380,876188579,876188579,0,0,0,11
stake1uxhy4f8ku0kgn9uwyfhagndt2t5ywpfcfdqdkya0jcnmcps75hxjj,registered,pool1dxkf7k3qwnpgpxqfye8y9jvk7lver3fk8dq7c4dpzezyyx8cf5c,1104405,1000000,308162470,308058065,104405,0,0,12
stake1ux3kq8q3qdm3jsv5je8te5pdgccvzu0ywxluvagw8257dqs8qp9m0,registered,pool13crd2ljx87988umk22er6ynwadfwdqupdpcq6prc6v59z62kxse,27655145,12915552,720185073,705445480,14739593,0,0,13
stake1uy74w3j0rf95rxj7jhlal0wvxfywukylpqtxqgc7kkj395qszx6qt,not registered,,0,0,0,0,0,0,0,14
stake1u93m96xh48q33x7vz2yvw25fgyct5g2v9skf73xnx2y8hactqk99v,not registered,,0,0,0,0,0,0,0,15
stake1u87vmjrxj7l9fj9ummgnp43fupyt62ly34gwl0gsw7n4n0cqdg6f6,registered,pool166dkk9kx5y6ug9tnvh0dnvxhwt2yca3g5pd5jaqa8t39cgyqqlr,19421084,8335925,125457643,114372484,11085159,0,0,16
stake1uxjxartx3a0h6887835keqqprqsmcudsn2aksxzgvdmj52gdkpxzm,registered,pool1ty7lh3nvtwxlcpqg2x30fkr3j9ys6nprztr9m4zp3aajxyjk2vz,34619216106,32911932728,3075318678,1368035300,1707283378,0,0,17
stake1ux5n727gxnt6l2kkm25d8qn4g9cfv0an25j27mdueyh6lkcg5kwxa,registered,pool1uyvyxt9k9g038h567x8halej4x87j7m4r4zyz9lhv4dcv83husk,35311646780,33839994521,2955116729,1618112925,1337003804,0,134648455,18
stake1uxkfnfx575pwaejqhmkru2rdv8kppk07fp2f2tdkqnvu9vgkrqhnz,not registered,,0,0,0,0,0,0,0,19
stake1uxglx5pg0y49td9djar0yts7z8xu9q70dwdahf4lwr0g64cd6d4ll,registered,pool1my7sevxtc4dfvj626q0ujqqukntfa2v0uuydq6wd8x8hvml03rn,10,0,533468434,533468424,10,0,0,20
stake1u8zyzks8gnqqycje9hwvl9ywlge0mwv8ntnlvfrxje6354sl3r5aa,registered,pool1pg2k7lp6w68vlvdycug2ycu3mkrt0z4ftxay4g8zchj87mw6ug8,0,0,172639,172639,0,0,0,21
stake1u83ehf9djmhnq4cnsuusnfyfxr709tj0gkhwuyj6qtay55qemfdeu,registered,pool1hnp560z9e5acwux8tjguxq36j9r255zuf02u7z2d46dvcf5zhns,163071289,0,319623576,156552287,163071289,0,0,22
stake1ux3d9k6m0gs5wm8u26grdcw3dr83mxn45ve0whwfr492u9gmwzcm4,registered,pool12584mjtgz3fhgpx823qht56gycnfnezg6aqqthazv4qdxkd5c46,98820,0,3348678442,3348579622,98820,0,0,23
stake1uxhnv488ektgthhmna8svg6h6fztke5ughlq4h9acetx5mczkm52f,registered,pool1wm5quxelvgk8q50jyfznf9asvelp9zf0tk2wu4jazlw9yj4uctw,736420093,702136768,1106747126,1072463801,34283325,0,0,24
stake1u88fzn2aefzgmekhkm3xjytf0xlgejk8fg64pacyyl6j04qkxsuuk,registered,pool1gppqnqfguctp6gu0q8l5wjhye0ny28yzfx93hkr384cfsezru0f,7732109,2950062,54464025,49681978,4782047,0,0,25
stake1ux4fsw5asfn6ezfzgpqwtryytcsynl6nqkff8zrda32sy8q7klm7y,registered,pool14zdqqv73f9xa9re9pzc4sjvgmycf0dm4zclj34zupj032ggnjdw,9895429,9845483,659038254,658988308,49946,0,0,26
stake1ux6e0ew35npz6c9t4vs2zn5m7me0unscx7uwhcy6c59magcwczt0e,registered,pool1ewrm7y47s9hv6hxku9n5gfnsuspymp0qqpwgvgm9rvm37cek2h6,106228037347,103439969976,10760082821,7972015450,2788067371,0,0,27
stake1u8ufprlk3x5t9tkek68cxhccxajpdsgluec4cxpsgplrm5cjxr3z3,registered,pool16tcjctesjnks0p8sfrlf8f3d3vrp2fdn2msy80sgg3cdjtayu3z,5856657,0,68871813,63015156,5856657,0,0,28
stake1uyneeuvwqadjytcfxar0f7w2mxq06079lnzld80vaa8ea6gedt6gz,registered,pool1z5uqdk7dzdxaae5633fqfcu2eqzy3a3rgtuvy087fdld7yws0xt,105675744,101142204,615013208,610479668,4533540,0,0,29
stake1uygmdr44dcxs7qxzjqrdmrgv8ca0ht0eaglktvj3a73yqmqxkfklc,registered,pool1xn4kqt45xh3udf87kmtkdfz8xh9qn6trlqsf39eusk23ufmxhgr,129023222828,125076855055,16028503594,12469192428,3559311166,0,387056607,30
stake1uxjt3e26jf7lpptucdqthg59j0y65jya9axep9p5dg8hu8g3j0pvv,registered,pool1ell3xjtspzzz4vtsatscan6rheltf7j3hh2s8qsam2h3jvcxzm9,62319,0,2649567304,2649504985,62319,0,0,31
stake1u954ajg56pa6fa3xv9nsetz4fdmluquevxlfwx93nz0x8qg2srugy,registered,pool1xytvsd9qnvqxpthh9p8k85e823trvn3npxeur8kr9zhkqz5uls9,60108319,11149826,5068849836,5019891343,48958493,0,0,32
stake1ux8z7w9g8d8657eqxp36ryzqhvvk0w37paza44hzqaf9m6cmp75sv,registered,pool1mxqjlrfskhd5kql9kak06fpdh8xjwc76gec76p3taqy2qmfzs5z,7603235,0,58482299,50879064,7603235,0,0,33
stake1u8vxwd6tgxt9ez6uaq8ptlfxcw0h7kfxc308hn78f6a8qzg0p463u,registered,pool1z5uqdk7dzdxaae5633fqfcu2eqzy3a3rgtuvy087fdld7yws0xt,24268104304,22760636564,2624927658,1117459918,1507467740,0,0,34
stake1uyemx5ue08cyp8su6ul2fnr0fx4t92zylxnmp2ansrc6hzc9zx9gv,registered,pool1gerlsm26qanj8wv9xc48rmmx0e7gvu3k5sp9tvy8l67lw3l3w3p,217475114,216755996,2322278583,2321559465,719118,0,0,35
stake1ux25vaxnp4tfafyuwqm99792z2tj38ky8a8g58dnere30tcw6st9h,registered,pool1vx9tzlkgafernd9vpjpxkenutx2gncj4yn88fpq69823qlwcqrt,44328415,40939497,1756786271,1753397353,3388918,0,0,36
stake1u995wleqz494ea9vk6yttrkakv840hnc0snsgk8g4flvamc0764jr,registered,pool18xykgvvvxej2e5ap04ks72d8fdke4qsqeh30satznyrtj88634d,1329333030710,1215125573714,128335949864,23764265303,104571684561,53760078,9582012357,37
stake1u9eyagk2qhkknr5rsv7ljccv4h6xf6dxqwh39vc7zevgwvczlha7t,registered,pool1ty7lh3nvtwxlcpqg2x30fkr3j9ys6nprztr9m4zp3aajxyjk2vz,266383830,81943108,1123611864,951260531,172351333,0,12089389,38
stake1uxh7k35pcamqzthu6dvlf2wc3x0a7uvkwhjw9q6vvhhulcqkrr0pq,registered,pool1wxn9nsl8rvxa6r8e5eaak0ml6etfxnz2n9vqrmsw5nzgyexgkrn,10633093931,10450686270,11291285670,11108878009,182407661,0,0,39
stake1uylclheacdy50q6p9warts8t2nwq8kd8mw23pvwuhc2wn2srdmv7h,registered,pool1qqqq4md2rfdt75qvh3x9cgmkrgkl74ctcj3fnxpu3ylcudl22ex,9544292830,9133120159,1137923650,726750979,411172671,0,0,40
stake1u8uj32ckrehq2wtnqapwq6qk3s0uvrt5g622spkpxmeem0sgp2u7p,registered,pool1z7n2ruhmxmv77f6cqhd3wsy6774h2wuay77agxuf2y9mj8q55vw,919508,0,415098964,414179456,919508,0,0,41
stake1u8jdk46ddj45kupjpy95cnkulg2ghpmq4a9aza2mlt969ucunrzgz,registered,pool1d70vllztcsgx3ku8h5vnukzz2a7lpzjxfjmuqqvxtj9kq27hygs,3068040,3038027,566588689,566558676,30013,0,0,42
stake1uxj5jx4dcte70dzjy29zx0tmefav8j0xg2ek57s2mgp82vckpdlj4,registered,pool13846y7q7tng3endxhet9qdcz5w0fjs09ytcye4dm5g54wmyqeqr,18276,0,179005394,178987118,18276,0,0,43
stake1uy89kzrdlpaz5rzu8x95r4qnlpqhd3f8mf09edjp73vcs3qhktrtm,registered,pool1z5uqdk7dzdxaae5633fqfcu2eqzy3a3rgtuvy087fdld7yws0xt,536694377168,532413686610,188082742942,183802052384,4280690558,0,0,44
stake1u9wgxxyae08fp5etm5mhuy7n54jakxtjlvvr84q8y2vmmsg6wz3u2,registered,pool1qfxukshs4fkcrflzdnxa2fdza5lfvew3y6echg8ckaa4q8m5hyf,2537589413,2334696080,285954841,83061508,202893333,0,0,45
stake1uykcn6sm5lpanff0gluvyjmgrm9rkgnnyqqh5t9clfa4xccy8a268,registered,pool1gtphgrdj8sluxm9e7ca2spcwcq2p0dxj9zf5v0yv3gsagzq704n,346786190348,167535977447,571426944887,392176731986,179250212901,0,0,46
stake1u8kfstzvw8af552w4t4gf9e9m9wc8vyuy8n8ylmp3le7cwqf5pn26,registered,pool1j6dh3ynys827j38976q0q3s3c9hpzgx40kjcq4472h6m7d3t0hm,4905,0,18667571,18662666,4905,0,0,47
stake1u8jaswaevwhcq7x63c4fnufr4jz7h344m78hxswrscw7ypq3kt6ux,registered,pool1gtphgrdj8sluxm9e7ca2spcwcq2p0dxj9zf5v0yv3gsagzq704n,55967243563,49806212358,6161031205,0,6161031205,0,0,48
stake1uxvwxfrsfz230ss5h9kxd003fjfvg65e9s8an0gmctukytcz4jmvk,registered,pool1rkyc3ss904h066sffergss99r9p2kqa4k6ds0g4u5ud4x7yaajd,39468,0,267251534,267212066,39468,0,0,49
stake1u9qhe8kk8gwnys59c4m82v9xj9thk2x2j3rd65s7pqdumhs864arm,registered,pool1ekhy5xsgjaq38em75vevk8df0k0rljju77tljw288ys5kumqce5,12444470,11838515,5294683305,5294077350,605955,0,0,50
stake1u9p8m2a2clx94q66xfwly6qja2ktmkn9j8j2crp4uxrxtgq9vuq4t,registered,pool1pshqcksxywy68lt04lw6uf35f4yssekh5dx2mxqmyrukke2z5y3,177123,0,100810634,100633511,177123,0,0,51
stake1u8u2lhnhak7mu8m2nzn9d0hk5nr6gutrale3q2pzwjqcqtc023ej7,registered,pool1gclysx2h7fndj0jdajlmwvqr8q9tzu3rurjknacu0ff954fsg9a,65868469997,58817806934,7050663063,0,7050663063,0,0,52
stake1uyruvdz88v34kx3wu4zw87n8kn9kzgcluq7duv0efaxcn2skac3ry,not registered,,0,0,46543563,46543563,0,0,0,53
stake1u9q2cy9sp664nxmt8mqfl4jqr30vl4yl080m4myvwzugpyql0vk4e,registered,pool1drkls8s0zzjydyv3qpjsdj58w3sw02w9wg0pckrsnuazyef2hca,10530925109,10515717522,11518954773,11503747186,15207587,0,0,54
stake1uy0kwxjfw009t3sgta0qul9ra3uae5dct7zy0fa6at39u0qukr9gq,registered,pool1evg78egp8gfqae273kvmmdee2dnt6vty60dpwdespg4hujznh3a,182692646659,178540810941,18894631135,14742795417,4151835718,0,0,55
stake1ux5u5s86rhdxy7sgqr7f4m9aexqp4gyyuwll68s54nejzjsadp46u,registered,pool1pshqcksxywy68lt04lw6uf35f4yssekh5dx2mxqmyrukke2z5y3,411732,0,1623899662,1623487930,411732,0,0,56
stake1ux86z7c3e6vlfjrphwa8mfpfwegamlmsmeg0tvqe7hq4mas6keccw,registered,pool1pp7tn2w6ken4rpfcjwcdup3g4m5gcdhc9lgvrm3mnxz5stmrhq2,218557349736,197486546388,21070803348,0,21070803348,0,0,57
stake1u92pkzu9qs6dhr52l4fs2tf6gl5yqr0wdkftd4d8zsnmy8st0uza3,registered,pool1ev8fwfccn8gr0zcz3uyps0t0mcrefc6s95wjc6aed3ngc86y5rk,27462450,0,677963968,650501518,27462450,0,0,58
stake1uyuaus2dyups3ck83xjmeaf4t6f0t2ducp90zz4rcguunrsfj4sr0,registered,pool1qzz0flh92qkg0mjufaw9j2zk72lmvf5n2kuaslk4f8j4ze362w4,21789078,20084333,28188427413,28186722668,1704745,0,0,59
stake1uxdua6vp6e908hp4xe3fnnd07lsqa5dp3rlrycwetklz8gsfttnqy,not registered,,0,0,0,0,0,0,0,60
stake1uyamjcg330v9x038mjzrsc7hxmhm6menyhc84vvpvl9r0msn9tfmv,registered,pool19ru9alj7n5anmzs0f9gpzlj8kaq44yhcp45mldjvldxck8f6yg6,122767568,121464805,1504140363,1502837600,1302763,0,0,61
stake1uynlfmqxu76felwwsg3ed06jc8aanyhjqxdytnutg7egw6c2dnct0,registered,pool1gqvrgg7zycvf65ydkjeph72t0yx0f5ykzd9f477zh4f3smwk997,878704554,870478153,1617734511,1609508110,8226401,0,0,62
stake1u9mf2e0axwy54h5l3pcnnw3yjhpqhpvmnecnyyfc8smah5g2pnj8l,registered,pool1vc8jhqtwjrjwsfk6a0enx47hd2ufg98c34ta6lvl0zv0uhpech9,0,0,47795914727,47795914727,0,0,0,63
stake1uxxsa2rlkv728pve3ks7kn7c6v68luagdjgwa0medy6vp9suv96q8,registered,pool1q80jjs53w0fx836n8g38gtdwr8ck5zre3da90peuxn84sj3cu0r,301864506002,296791428775,77641881049,72568803822,5073077227,0,0,64
stake1uydcs3gfm3f77qt67k402xfsfulnecn58tpx4rvsrqfzz7gwue87n,registered,pool18zf8txwv8lmtpq2src8wrhz0pjut5qft8h5tfxnctwc95r7jvvj,1352869,1287729,9684121924,9684056784,65140,0,0,65
stake1u8wrrhmeepmnw34rgtdagz42edk235724w37k7zrhm72ldshr4pd9,not registered,,0,0,0,0,0,0,0,66
stake1uydsrwxmy82mj2t8ld0w74sm0cqrhk6syngs96hv80umdvg6szppp,registered,pool1c0xj2fa97zuz4phld87atg6yphz3hju409fm5xgnwuuvqww25qj,6079131310,6050220467,935714419,906803576,28910843,0,0,67
stake1uydphkd4dhtme8g4j56rqmhvxmykygtmzf4l07r4pp9kcnsja4hpe,registered,pool1lr9vvcf5r5jgkgv5ly7z2lh068ymzg4xmqk5f8pu2k23vt25x7a,22000830393,21978290213,6350884319,6328344139,22540180,0,0,68
stake1ux24728lx6yx5u9x9x2cxlm07wu36zx4aml9ctx97az83zqzdvqa9,registered,pool1qqqqqdk4zhsjuxxd8jyvwncf5eucfskz0xjjj64fdmlgj735lr9,79138264595,75096742593,7737439974,3695917972,4041522002,0,0,69
stake1u9jxtv8fdnvp8gf87rvx5ckvr9346eg77gnclr55gfzjddsrfz384,registered,pool1uqgn8wt3qwaextmmurmcjmk3egwsac6sunyqtrssrdeavlgpyr4,4940,0,16130002,16125062,4940,0,0,70
stake1ux28s4086w93k740aklds3vxquj5qfy8r4mwkx8hs90szfgdkln3u,registered,pool1a2nh3ktswllhwf07fjahpdg5mpqyq7j950pyftq9765r6t4cefl,14679613014,14000781798,2183799881,1504968665,678831216,0,0,71
stake1u8ytgkdru6zhhwt9vrwe7w4604xsnc30npeq3rj4spjymysj9dnfr,not registered,,0,0,0,0,0,0,0,72
stake1u9q90mqwqlfhr9qv9vt2t3a2yavhy2tlq2qfpgut67a4w5scdfl8c,registered,pool1jz5ljsnj4fzmk84j0wcw9ldy866dn07nzqg2ktyuyjvfvr3jgtq,77508936451,77257628607,15725002671,15473694827,251307844,0,0,73
stake1u8xefy50j9aks5nl0h5x2lpmwt805vh2q2kkterl5x2ecagq0mj5e,registered,pool1vx9tzlkgafernd9vpjpxkenutx2gncj4yn88fpq69823qlwcqrt,24886296,0,2879057014,2854170718,24886296,0,0,74
stake1u8y3yn8qhepeug7y54w53ly6f8hg6htucrtw23sc7h5n66s6axt2v,not registered,,0,0,3573135735,3573135735,0,0,0,75
stake1uy44nntuqkqp7m7lm920lxvky8ea3t5q2k04g8n24ccrt7qet3n4n,registered,pool16ajaae2n5lsyr4f9k9uz5y8tpf0996tw640dzu7chwp2wdrnz6a,125822104150,120074578705,26295825371,20548299926,5747525445,0,0,76
stake1u9m84n3zssw4zqlrss6700q22pfvy7d79jt6ww0at43ds8gwqcrsc,registered,pool1l0pmgdsymmdntuyan4snj88q8nm9axemwefu5ymkuq2s6gr90cn,26912432630,24651712132,2833464920,574563008,2258901912,0,1818586,77
stake1u9nqz4978j8tlp5mzhelfulk0dtfu5t0vpv8jlqtqskjk5sfw3urs,registered,pool1pu5jlj4q9w9jlxeu370a3c9myx47md5j5m2str0naunn2q3lkdy,5697152,0,5179840192,5174143040,5697152,0,0,78
stake1uy5m9ty5vxwuuw8qmsufkzvs3lqn3ydpzmvdsuezkgax8fsh53jld,registered,pool1nhd907krga9dh69kf0jg4tl0764rravepy337gptvsknxyyx94k,6792649754,6587861214,480273874,275485334,204788540,0,0,79
stake1u8hmsrawxdrvygpswhef6zauqzmq6nqnvyaqcdh9y0fukesnnm55d,registered,pool1g8y2gz4sk7xhyaj469jlj3njyu5dlvqa7t7v9c2gk0yc69879z8,239584,0,155734824,155495240,239584,0,0,80
stake1u8n2jc7sh2j5ny3zy24ef0w3t8h22k9l9ul77thqv6s9uss2zld8t,registered,pool12vs4c3cm0tr49c7alrevfs0xa5g3s4al4fn46h33e69uusat04v,5454461897,5136852180,793254380,475644663,317609717,0,0,81
stake1u9xwx88t9jp7q2pfkeuzkh7ea6kglsk9dpncpj3mkvawkdg35fk0p,registered,pool1xlphlhnjvfeh40vcqf9fdewztsj6kyxq6604kaccpv00umjfu0d,11253275478,10884085451,9858665084,9489475057,369190027,0,0,82
stake1u90dfg8nuf2pdpzmz6aaar6mej8hzfgh9ktja08a0u8kuas3eal4d,registered,pool1z5uqdk7dzdxaae5633fqfcu2eqzy3a3rgtuvy087fdld7yws0xt,20307119,0,656527915,636220796,20307119,0,0,83
stake1uxjqd2nh90sd4d66xs2ewadw46t4xjdehw8jugyhyry79eqld43hj,registered,pool13qzk5az6sx77lk2nt8zruu0t2tsyepu9q73yaz8l8j3uqxqh9wh,0,0,3814982449,3814982449,0,0,0,84
stake1uxnnknpf24ksw6drhhpls4yf8h0va0hpperw7lcle0h8rvqfmtf7w,registered,pool1ft4xjlz9uw0r0ewcgtkgeakqrfc5azxmxwsm5pt94dv67mw4rgd,0,0,0,0,0,0,0,85
stake1uypvslxmxpullnzlsrsalcl642nxlw7z42hj5q0gpgzclaserdg22,registered,pool1xn4kqt45xh3udf87kmtkdfz8xh9qn6trlqsf39eusk23ufmxhgr,57084701289,54525333171,7089537379,4530169261,2559368118,0,0,86
stake1ux20hsu5tdcd26xhrlu8fymlrjr9jqmsfs0c5zrspzw0qmqy65ffr,not registered,,0,0,15559611478,15559611478,0,0,0,87
stake1uyq706snjtkwt6qxggzeu397dlrq90hxpalg34v29cftxrgt8v4yr,registered,pool1dmqzwuql5mylffvn7ln3pr9j7kh4gdsssrmma5wgx56f6rtyf42,0,0,0,0,0,0,0,88
stake1u9y09mx6t4r3785ehwcs4vtwcwpsdl50j600dxeg8xug4ugunle7x,registered,pool1xjhzgchsl2ccvc5pj3aqytv9hh0jnaz63wtfnw4th07tjypm46x,430030477333,379061186487,50969290846,0,50969290846,0,0,89
stake1uy460g7568p5xx4nd7kg655afud3kmtgsewd6xlsl98kunq2rvj3r,not registered,,0,0,864675459,864675459,0,0,0,90
stake1uyqh4w6a6jg84ahw3663vez62lfcpqpjz9qpexs056u326cvmfekr,registered,pool1qfxukshs4fkcrflzdnxa2fdza5lfvew3y6echg8ckaa4q8m5hyf,1372159,0,9134430948,9133058789,1372159,0,0,91
stake1u9w20uzsevkxe6vp2nlmqjjrcj4gvcf560tvufuvrcjpxvgqaqg0t,registered,pool1ddskftmsscw92d7vnj89pldwx5feegkgcmamgt5t0e4lkd7mdp8,0,0,15135213766,15135213766,0,0,0,92
stake1u8kvjx46xqyrtt8g7pmyaylp70wlnhq0uwzlk2g399vsz2q596pnr,registered,pool12rs385dd534g8gtdtmnvlhq63whdvc6vnuzxa5cpx843zdy73qy,196594819869,182639535826,56630804588,43946682119,12684122469,0,1271161574,93
stake1u82a2t6z72tt0x3r7djzquaesq3gq5ldgulsngljf79pg0gptgddl,not registered,,0,0,60479974,60479974,0,0,0,94
stake1u8vl2pwaq2wj85wyp5hpwvdlxe6lehg377q3nj26kh0heecj9af6g,registered,pool1378u3xd5h393n0dwqszfw4dmen5vlmnm2fsdczd3v92n6dlw6qm,20573606,20573606,452398,452398,0,0,0,95
stake1u8vt0qk5jqmze3276w94xljf5qaty63qkwfla5g59dn7aeqvpcksz,registered,pool1sj0plznq9nnduxp82aa8crchfety7kzcryqdmn6860xvwwzzc4w,0,0,3989853533,3989853533,0,0,0,96
stake1uxtp0yd5npvlz2urlnse495ndq28krw0qsyzvnrgy6wsg2qkk70xk,registered,pool1xgwvxpas3r8nvg9z0f5cdcyr56whynkl9dpa0ukpq4ztjfspk9r,0,0,48386840,48386840,0,0,0,97
stake1u9aff7tgze39cjcjk5mp5544t8298803cx7vhsxs5pr27eg09mrkd,registered,pool15ccmgcc4k9t8auxw9v4dfjmrl2kqnuevawn8z6n7xv09utw9hh3,26444058,0,847687558,821243500,26444058,0,0,98
stake1u8v0649xlkm5j033yag6uupax5768lcwtgrle896nfn972gkztjs8,registered,pool12vs4c3cm0tr49c7alrevfs0xa5g3s4al4fn46h33e69uusat04v,4464176,3839211,2905728076,2905103111,624965,0,0,99
stake1u93846yl3n2k2a2a406m66ktkv0wp9y45c8tr4hswugc5fcnujlek,registered,pool10qmnswfc22zm0fscg80gkwqz65ujwjkqmctv8g9l9l58wqtelgg,68140,0,392653641,392585501,68140,0,0,100
stake1u9s4h5wq7zz5gw0x42er8ugwjmkz5a6gx6cfj6sunelnz9qpdj5v9,registered,pool1xj5f7a79lnc9v0gjn00fkf2lyzexngka59tpcew5rrkyqveagpt,3435398,2082592,104109875,102757069,1352806,0,0,101
stake1u9zzujspwtxg03d4wrnwn49fxzj4c9qqw7dwfqygjmpxsyqqe2m5j,registered,pool1df9rj4n0t3zlpak7xnh4ue6t3yh9zlw7a02w4l8askp77up25rt,61765906903,61324400005,89912848602,89471341704,441506898,0,0,102
stake1uxn6v52dj7hytwtdlgne2yfn5wwn2u79kh0p3y4u2suqzssf0n9w2,registered,pool1ljywsch33t7gaf02aeeqkqpuku0ngpwl9fm04t7u5sl5xyunmgp,711040,0,9226316078,9225605038,711040,0,0,103
stake1ux9n02hlhy926p4hj95hfk38qvs4k7526uq83aczwrjs7cqzm793l,registered,pool1s0cfkzheywsftgwp0yz7sq4rt5gyf7t5kfwj5a269kpxvndjn6q,8443240,0,83233327,74790087,8443240,0,0,104
stake1u87zalqr8s4yxnlxynsrya77n3j9zawqx6v9e0sha6lc68sxjk07n,registered,pool1z5uqdk7dzdxaae5633fqfcu2eqzy3a3rgtuvy087fdld7yws0xt,217858917,9533134,6505593536,6297267753,208325783,0,0,105
stake1u8l06n04a5ypnfw4uy8wcfr6dp6nqs9gyntzj6ptt3echdc8g5002,registered,pool17qvfg2g843gw6lurru282kkex6vp3pyj6zwj99j4u6k7zvmva5a,179780,0,760840704,760660924,179780,0,0,106
stake1u90p70eagmewu7h4nu0sm0fvhcnxt5umquvwv3hegsen9cgt2yfr6,registered,pool1z7n2ruhmxmv77f6cqhd3wsy6774h2wuay77agxuf2y9mj8q55vw,103897466,6234671,97275232349,97177569554,97662795,0,0,107
stake1u9ndmqdlm4e0mwmpy86vzd8u8c034n0h3k6uzmushmwfyxgmz3w3t,registered,pool1cspe7naf0mtntwyysqxk6czah3jlh6v4cja8pdfju932yxsehnm,99450354362,94796522168,14406306374,9752474180,4653832194,0,0,108
stake1u96ypvc320c86qkd33f8usz3gatcfr8979es4g7zq090rwqsmmwlz,registered,pool1qqq6qqa0hpzvumv5p87ynczfmdj557xuwlc3289ke42g72z7f74,300585929,0,6704647067,6423287925,281359142,0,19226787,109
stake1uy8dl9rhw7s5geh0hfh0ql365pxs0a4vz5zy08wtxcrzgjqfdcf7h,registered,pool16kus5xvdysgmtjp0hhlwt72tsm0yn2zcn0a8wg9emc6c75lxvmc,17066513,1315255,876082887,860331629,15751258,0,0,110
stake1uyj8xhlhgkjkwpdqm7mwsjf3n3j87ju4zzncvmz9ulhmwps8tp047,registered,pool1ekhy5xsgjaq38em75vevk8df0k0rljju77tljw288ys5kumqce5,30496912922,27115554297,3381358625,0,3381358625,0,0,111
stake1uy4k5lfv9ml33x8emwn2u6gdzk90jhhmx9ll5rkyhdrkmscldfkez,registered,pool1jk25l2pejpdzq8vdjlxrr05th49v9tgd78fqrtxvuw3rumpfc6t,97182795372,96967688092,12369199594,12154092314,215107280,0,0,112
stake1ux4nd3lt8r39l3d4knga49rcyxns8w0dyfnw049jt77s9hqhjfkqg,registered,pool1gtphgrdj8sluxm9e7ca2spcwcq2p0dxj9zf5v0yv3gsagzq704n,166,0,8950580583,8950580417,166,0,0,113
stake1uy2g0vrgegqed07tf9evnzq0lra608fddlu7sclhgd57q3q7js958,not registered,,0,0,68742076447,68742076447,0,0,0,114
stake1uxqpd2s03lynusdr37909350c9p9sdzvx68d9yj5us9hekcg55k86,not registered,,0,0,0,0,0,0,0,115
stake1uxg3v2xf6rxhg2vntvmsqk7ehv2gwwgjh99xmrvf47rjh5q07ys9w,registered,pool1lvsa8e0dw6z8g2fkw7prnfa7627wuy5jjexaadck6w5sxw5xkvm,2129731934,0,25539561309,23409829375,2129731934,0,0,116
stake1u98nnlkvkk23vtvf9273uq7cph5ww6u2yq2389psuqet90sv4xv9v,registered,pool1pu5jlj4q9w9jlxeu370a3c9myx47md5j5m2str0naunn2q3lkdy,255567902719,250001800000,244608189181,239042086462,5566102719,0,0,117
stake1uxt38wc3nfv67q4sfcllg9nckp9apg0q8vww68jkskty6zskaxzlj,registered,pool1vx9tzlkgafernd9vpjpxkenutx2gncj4yn88fpq69823qlwcqrt,2143675668,1976537077,236859546,70113811,166745735,87454,305402,118
stake1u8pwhkqpwyf7ranw8qyd7sqtlt5z9svluup5qhh6pgq6jpg9cr3vc,not registered,,0,0,0,0,0,0,0,119
stake1u9tlghh5al2fd2rk6exgewdst4ymaf46utt2qu7k45ltw2gs2vufu,registered,pool1wxn9nsl8rvxa6r8e5eaak0ml6etfxnz2n9vqrmsw5nzgyexgkrn,437696055929,250005000000,187691055929,0,187691055929,0,0,120
stake1uyatprrt5c2ujzgekr38egyshwyx09xfqa0s0tlm4t0798shlrxr4,registered,pool166dkk9kx5y6ug9tnvh0dnvxhwt2yca3g5pd5jaqa8t39cgyqqlr,23756225,0,169337344,145581119,23756225,0,0,121
stake1u8w7d8shtmwzkapcv67fqyetj6hnxhzrsrkrc3um44yhzvclvg8ft,registered,pool1kvd03hq8kp0hnxq9lq598a5amrvauj9m386rwx7ydawvjdskwnh,5660467650,5350679742,954073904,644285996,309787908,0,0,122
stake1u9z4ge8aauchyhupk9swc8anchlmtrmm3aqdqqgn22wdlzqfg8n8r,registered,pool15cfc4kvvvyeqm72dfskh99vg4qewqx9xyjneczjcr6jsy88a7fn,8718432,8718432,287430,287430,0,0,0,123
stake1ux2p6edp2z7q8amec9kn6uhps8dgwm35czp595uxld8dzcs3j4zs4,registered,pool12t3zmafwjqms7cuun86uwc8se4na07r3e5xswe86u37djr5f0lx,333853788930,327693680253,39073810080,32913701403,6160108677,0,0,124
stake1u8ms4q6m6zlrs35xgyak29z8y4agqyzu22gwsc2shl2e9rs8nv0z8,registered,pool1p9sda64t6l9802tsu2fj6phvt9xfqgcpjucyr3kek8wzurmn8rz,25921,0,37608496,37582575,25921,0,0,125
stake1u9g5wnfj5zyjtvleq3c6tpj4ge5mn2eacfk6hdmfmdcs5qc9ulxwz,registered,pool1kvd03hq8kp0hnxq9lq598a5amrvauj9m386rwx7ydawvjdskwnh,8566860389,7871434610,695425779,0,695425779,0,0,126
stake1u8atpxymrqvjluf8hczrsf5fr65v22a2hqr0w9eu5tay6pqscdtu0,not registered,,0,0,216301106,216301106,0,0,0,127
stake1uxed203k55kpxeedfcs2vj2h4dn35yn6gzxyjjzaljh5ajs6cgvsz,registered,pool13crd2ljx87988umk22er6ynwadfwdqupdpcq6prc6v59z62kxse,1188178093,1183906262,2275162814,2270890983,4271831,0,0,128
stake1uy4maqrs40sygrktt4mwzt57xx73hvhftlj30ahw9p58a5clymk20,registered,pool1q3xdrewrldt06rpjx6pzguzm847ujxnmajxrsr7dsthscz4htlv,0,0,0,0,0,0,0,129
stake1uxesarw0fx5lnv8ht8k5uhc8zsrlvce53cwagpjn9pegg7gtxharq,registered,pool1pshqcksxywy68lt04lw6uf35f4yssekh5dx2mxqmyrukke2z5y3,43402964891,39254832535,4148132356,0,4148132356,0,0,130
stake1u9wtyk6j8wktphfqyt55qju97k74yl4pn4zpvyvczsjcnags0f0hc,registered,pool1grgycym8cf0xmgjjr7gx7udmkpu93hqaygysy5myx6ghx8dvl5r,202579,0,5585007270,5584804691,202579,0,0,131
stake1uxhaetfp0hsct0udm6d84q98t4ukzuh7a7m79u9fqvp9zgsruywmd,registered,pool1xytvsd9qnvqxpthh9p8k85e823trvn3npxeur8kr9zhkqz5uls9,313439314,1642925,29880043571,29568247182,311796389,0,0,132
stake1uyfmytqn38cqh4dk3qzj2pgfljujtk6gsrk3psmvtplyancthe0a2,registered,pool1eqxnk8mylmksd9amjlyhseax8lcux09ck3etcvlalfzhuu7qvzp,7128278,6997410,34325930353,34325799485,130868,0,0,133
stake1u8cnnvkf0qkza88h9cmlvku8jplz2709xmsuqta7fmat9mse6hx56,registered,pool1tpy5yawzpetcverves0h6xdycxgrstehfvrkygydt9jcqxwpw3j,3211650759,3201755809,3738124226,3728229276,9894950,0,0,134
stake1ux3yde6zlk0af7y7lasm7w8u667lnhscpej4v0v8sl2nxjghksu2d,registered,pool18xykgvvvxej2e5ap04ks72d8fdke4qsqeh30satznyrtj88634d,1201554578105,1017288783441,185444572691,1178778027,184265794664,0,0,135
stake1uxsus940j32npns393nazf6a6w7rs5nxc0gte5qd04r6gycra33hk,registered,pool1qzlwlpcsgflr9z3f24fg836tyq45p0kf5cnrp20s8v0psp6tdkx,1278257,1011052,6136717767,6136450562,267205,0,0,136
stake1uxhz3srh58443mzkyyr7pgssa4d04d8zch52x4884un2jsgr9zv9g,registered,pool1lp9wmr8dkcceta5we999nvlfh9um06cd6sggtt5523eawf7mtg4,41924624,39218386,3530594325,3527888087,2706238,0,0,137
stake1u9skk7pmalyup5nwan7rrfg7hay7dx6k6wa5xms7srvgkkcqqn92d,not registered,,0,0,500000000,500000000,0,0,0,138
stake1uyacuruhne34456jh7vzuc9ly0rqmxanu9z4pzyly06z94gmm4a8a,registered,pool1c8k78ny3xvsfgenhf4yzvpzwgzxmz0t0um0h2xnn2q83vjdr5dj,0,0,30716065854,30716065854,0,0,0,139
stake1u8svhlnfeqqcjlv08q9qz54j94lr68g3hpu7ltty6xk4gwscc77x0,registered,pool1gtphgrdj8sluxm9e7ca2spcwcq2p0dxj9zf5v0yv3gsagzq704n,402338404,402337109,582443684,582442389,1295,0,0,140
stake1u8myh7ere2xm9nh469g4954yf9rhzgm3rrwaax3uja2tdvcehs4rd,registered,pool1mkjtce8r8yeku0mmc9vpwl0scuwuwc8lz89ckpj3k0kwgvlunv5,36262015,20762727,4491820694,4476321406,15499288,0,0,141
stake1u8sxgpvz9quaaz2y07zy84aghelpx6q8xzuzfnz8w8g7pcs8p79np,registered,pool1ld9hkah2dkzh73pvh9tf6xr0x28us34msv3zcv2sase5vhvq962,9364948718,8847979567,1321634387,804665236,516969151,0,0,142
stake1uxn7xa6asdmswcaacn7hewg64pqkt5jq734d0gyauzrkngc0292zs,registered,pool1crts5gmqr34gsrn6wvrhfs9yqp0ynu8t2t4r350xp80s6pc56ue,131890954,0,9022302026,8890411072,131890954,0,0,143
stake1u9mugug48am74e68hcy7kf2qmtx0g9swamyp828682swmhsusy6qw,registered,pool1qqqz9vlskay2gv3ec5pyck8c2tq9ty7dpfm60x8shvapguhcemt,2413346,0,16356112,13942766,2413346,0,0,144
stake1u960tp5s6fez2qnnn6nfcnvhqd3wdx5n7x82jyc2p37wkjsrj7vf7,registered,pool1ewrm7y47s9hv6hxku9n5gfnsuspymp0qqpwgvgm9rvm37cek2h6,1333616278,1038858308,1602947964,1308189994,294757970,0,0,145
stake1u88sl7hn6d64a4y7v53sepncq4ttk7p3gywr5r3cjpys5zgw2l9ys,registered,pool1z7n2ruhmxmv77f6cqhd3wsy6774h2wuay77agxuf2y9mj8q55vw,45359491970,44552681694,6384559762,5577749486,806810276,0,0,146
stake1uymxsmzd7j3yh90575jggg9348summ26w2vflg3z0ylpd5guxzg0c,registered,pool19u64770wqp6s95gkajc8udheske5e6ljmpq33awxk326zjaza0q,0,0,2881243,2881243,0,0,0,147
stake1u9afvwxlwf274aaf9gljz9tpuhtt30ppw4weetkqwljzdjcnvx7jn,not registered,,6422461,6422461,1351732919,1351732919,0,0,0,148
stake1uxtq694yx5aal56ndxnevghr0mev36vewn8tq22dxedeuqqx5yvu6,registered,pool1gqp9e65nqy0q08dvqst6mk9fyc96sdels5drncsdz5d82dpw5gg,0,0,4640342369,4640342369,0,0,0,149
stake1uyaemtpy75turh45mjslut9g2zerg2s8gmtcnkr7hdlwdcczjaf8t,registered,pool1ua0lx5ap5tj9f5l7tyjflp766ca5yu93djh5hqvm4e0kjgw5k7v,24107799,12258560,439157482,427308243,11849239,0,0,150
stake1uycj7mvz8v20swfy7g68czqjavwvqrj7wgya6zy83wuwcps9lv0a0,registered,pool1p9sda64t6l9802tsu2fj6phvt9xfqgcpjucyr3kek8wzurmn8rz,1536668342,94861134,19650850376,18209043168,1441807208,0,0,151
stake1uya2ufr9ltzs268ayuxhg3hefe6kp442p5p8g5jyl9qru4sdc4rtj,registered,pool1qqqqrwzy7njvjq9wph7usj5gghm3py9c97688ek8pgc7uem9cfz,12425,0,1021534667,1021522242,12425,0,0,152
stake1u8crclpz452606y8gp6sdjr7wqg3j8yl9m5uy0zfqxqnjycmnl8vn,registered,pool1cmaafeyy52ppz62jqmsm20c5p8nua7xx95lkkf96ktmqqj3w5td,65376947588,65000573093,9000503031,8624128536,376374495,0,0,153
stake1u9zx8crpkedpkrha0qay35c4py9009er57970kzhpqde6wswrjs42,registered,pool1qqqz9vlskay2gv3ec5pyck8c2tq9ty7dpfm60x8shvapguhcemt,4690860,0,86968082,82277222,4690860,0,0,154
stake1u9wccfntp003jrq2cdaah4knkk0q4tmuw2qnkgwddym2f7gdcmsh0,not registered,,1593956,1593956,0,0,0,0,0,155
stake1u9zv8p566t40sg48zthxrhgddjcequ2qqhu4cf5r82dfmnqnpadys,registered,pool1lvsa8e0dw6z8g2fkw7prnfa7627wuy5jjexaadck6w5sxw5xkvm,219998224416,219500291302,3478630601,2980697487,497933114,0,0,156
stake1u8jlwtwuutz3h4cll09ue8j0r84j9f4nwu3jj3vvr77pldc96cyaz,not registered,,1556825,1556825,0,0,0,0,0,157
stake1u9q0zue4mf9fqsgnvfet3dx2snfsy7yvxymafr7s2wvhyts4za82g,registered,pool1qqqqqdk4zhsjuxxd8jyvwncf5eucfskz0xjjj64fdmlgj735lr9,273474848,0,1421273033,1147798185,273474848,0,0,158
stake1u8gzhvwh2c7gx7r7q7r3veg3dmq8cpuksn7fmemk52hm77qv0qyne,registered,pool1m83drqwlugdt9jn7jkz8hx3pne53acfkd539d9cj8yr92dr4k9y,449116,0,24736786225,24736337109,449116,0,0,159
stake1u89uyu3v0cpu799ezjzmh473d94r9vt0fz7sqs3tut70zrgzvx8zg,not registered,,3347469,3347469,0,0,0,0,0,160
stake1u85wjv8calnqem4hgzn8w73ma3er9e260pva064guu0xz5gsp23nm,registered,pool1lurfk0k0wwx54hlg8a7zp3jtstu57u59aeq7aketl55hknmmtu0,15944721,0,107756362,91811641,15944721,0,0,161
stake1uy6j8mtazj44ta2s7ps0gph6u4jetad8j22pqsuud89w57gft5p8z,registered,pool1xxhs2zw5xa4g54d5p62j46nlqzwp8jklqvuv2agjlapwjx9qkg9,5391893,1195774,234983445,230787326,4196119,0,0,162
stake1u8lfx63cn3z6hx0hms38ux0lczdmn4c9rxu2xzttq486crqfmxumg,registered,pool14zdcvdec8qmqzsat5wg3a2h9f0u5yzrgjew534z8u3gs5durnjz,25542183,7527203,14083053854,14065038874,18014980,0,0,163
stake1u9s88k47lrk3rvc5tw5ra9gdc3uaqn265csasrfm8apnctgc6y7kl,registered,pool1fuzqy5r9x98826zv6wp40tr27uplemmstkd57cuw8jh5v5m90vn,184359984915,184359984915,55943849578,55943849578,0,0,0,164
stake1ux5356uehge9ylw5jjfsszscumg4t03f5hwe4rdfwdcyn2cv7xh73,registered,pool1s3z5qsg75dar26ykyzcz2u8wc2swgq7pyp7f9sdh5n06qh3jhq2,0,0,0,0,0,0,0,165
stake1uxfnehqrnmthxn9kxquc52lpf0snn59wtj3emzxyclxgutgph9xjh,registered,pool12vs4c3cm0tr49c7alrevfs0xa5g3s4al4fn46h33e69uusat04v,239635,0,498076600,497836965,239635,0,0,166
stake1u8exnmkhl3cjy9h42ktp55yz4pzmknhl3nnsfqd3dx6jg2cz23xh9,registered,pool1y9tz9enfcrcvpxpga3qspfxx3xclns2g74ptqxftdmgq6ghyrn0,0,0,0,0,0,0,0,167
stake1uyde5qtsgarv9gp35276hg6jt98taaqznpcvg9fhq58ammswycp7h,registered,pool1lqpymyzg9glc88r7urptuv0d8t2tu9ty7xtshvxmgpu0j4lp8p3,335114,0,2864729380,2864394266,335114,0,0,168
stake1uyau0rgknts9mvcvggph0uzl557hyu687s9ufutemm5f5gce5wna8,registered,pool1qzlwlpcsgflr9z3f24fg836tyq45p0kf5cnrp20s8v0psp6tdkx,248224274,0,47249166212,47000941938,248224274,0,0,169
stake1u8st5q6sepgqk0vmnhj6jvvc2p7p2qa32wtnfrev5aa59fcp5np83,registered,pool1mscll7kd2y9c56kv7thv7kv99wjvrr72uwpmuhphaltjz0pkuqa,126457321,124826872,1367268321,1365637872,1630449,0,0,170
stake1uygvyjrd2tphjtg9vjgrnmsq45ldsfr6hr6wj6mcyqu82qsszenj8,registered,pool1pk7cjkcdsawxf25dwml0ely8vhjx7wp7nqans3jwatanceyqae0,0,0,0,0,0,0,0,171
stake1u9nds35596aggsusyun5kh5d3lqe7zppvzlkxnrcz8v95mgz49fsa,registered,pool12t3zmafwjqms7cuun86uwc8se4na07r3e5xswe86u37djr5f0lx,1286562724,1230580357,183405663,127423296,55982367,0,0,172
stake1u982rgg836lm50jhqv8z0hm9k3cq7akcztdzmge5j89hcsst96ddj,registered,pool1wf7wk3802jxtkmek6uprm77cgqx53t4qep9kwkl078w3yw0ff69,2200488,2200488,56687058,56687058,0,0,0,173
stake1uxmhhcnt50hnflpxcnr6fhs0prlpclxj4y80xqp9rmyf7zska80su,registered,pool19ae6xhzsscypyha0sszv90xwjsh20hxecxjpcqynshfawvwxqnn,137442,0,51460505,51323063,137442,0,0,174
stake1u92nkxd346sn4egddpfq8un4fz5u3mmmtvw84hj9ju7qr0ssp3vgq,registered,pool19w5khsnmu27au0kprw0kjm8jr7knneysj7lfkqvnu66hyz0jxsx,22010653,1369216,9657682023,9637040586,20641437,0,0,175
stake1u844au4xu2gfaheearyu0qyhg35sxa40e3gu5pl0rf7r3tq4lhsxy,registered,pool189lsf6c2upyhmrzddyvyfjxxkqnte9pw8aqx7f4cuf85sjxlm02,3259893266423,3217889855694,395473921886,353470511157,42003410729,0,0,176
stake1u8aq6z3m09kdkqkkvkxfssf2vu7fv73fprguetehaxc826sl3rphv,registered,pool17xextu09ghdfcmsq83whq0a45geg83jxe4qt94sevu087tzdzkl,78376,0,417403992,417325616,78376,0,0,177
stake1u9uchtfylfzmegds5fs88u4falm0vqwx8xjc7zfmdxxmnxsdmcywr,registered,pool1kvd03hq8kp0hnxq9lq598a5amrvauj9m386rwx7ydawvjdskwnh,3940347226,3713362841,226984385,0,226984385,0,0,178
stake1u9fdepsfuaah8xnc2w48ldcqw6u4slj36d2zlun45vezu5s80hqcc,registered,pool12vs4c3cm0tr49c7alrevfs0xa5g3s4al4fn46h33e69uusat04v,335542,0,96097637,95762095,335542,0,0,179
stake1u8h678fl2khzcp6j5mqndpwlkp8hez629kzgvjmezgjrcpsuxateq,registered,pool1hht4pctn70tqdsd0zwuxv8d8cz6l5scjzaquty7vamyzy78eqvc,1310628,1000000,146393547,146082919,310628,0,0,180
stake1uyfxjfrmameqxjl5mpxexdtkqwmzhrsnjcd66c4kux4g59gm9505w,registered,pool1qqvukkkfr3ux4qylfkrky23f6trl2l6xjluv36z90ax7gfa8yxt,24738967,0,753783273,729044306,24738967,0,0,181
stake1uyzlrgtwnc39fkk4lvsu9xcwy36dwhnqhwfzlj2kqh6t76g5h40jg,registered,pool1c7jrfce3zxkk9s9enzpvwj8fuayvx3pdzc2k2es6mrw6gsfcjep,14498670,9952071,8561816152,8557269553,4546599,0,0,182
stake1uyzq3e5w4ls62l8engnex7r6ytdmjzxh647fjakygr9lc6qxvfrnl,registered,pool1z5uqdk7dzdxaae5633fqfcu2eqzy3a3rgtuvy087fdld7yws0xt,11992303,0,549006375,537014072,11992303,0,0,183
stake1uy3rrrjkuw36say9h8zf6jwjmhcctqdtdtvr03x0yu9qzagwagg0v,registered,pool16cnz5x84vfjzxtsdg53zvly3vqumkjpshpl2fe5nmuyl6srx4m8,45563158,45544729,9558817011,9558798582,18429,0,0,184
stake1uxasgy8zh465aj9y80nj5shmhfxu8wmlgxcz7gyaurpztqqt9j4lu,registered,pool1hntu7agmt8u5j9c20ejen7dvq0jfkvkpnul3mrdd8tppqvwfvt2,3957,0,947190273,947186316,3957,0,0,185
stake1u8j48va9p5kawzga3qgpn9raj0mdctdgez6l2ywv0sz9rzst7y264,not registered,,42689812,42689812,0,0,0,0,0,186
stake1ux66d7p084yrnrtpp3h3res2pdrnqyy82833654sun7hu8sd9zzj0,registered,pool18vej0s9gska8c847aj95g9v24duuxg2g63d5cuqngnxew643jw9,13425374,0,371072110,357646736,13425374,0,0,187
stake1uyd5l5f8hcxxu8hl92lgcu9pyx4zuvy2xa937fr7g0mdw4c255ara,registered,pool1ahl705cca5twdfmml0ksux606t8vmuemu9vsnf3g94mm7lhnhtv,0,0,0,0,0,0,0,188
stake1ux0uk2jkymh237wggd94urwe6wuvkn8dk2ypkpuz56zv8rgx43v3w,registered,pool1l3fvlzadk5hg78wy3e304s9t8tjzxnu962e2fl7tq8x2yg3mz6l,93880,0,224540615,224446735,93880,0,0,189
stake1u8psgxhmlczmj24g7366t0qjkshmn4eacqkug35qhwx2z6c53exj9,registered,pool1krznhwu3h5pu2stuslr53z5rme50t6384macsmylcnljwc7yjky,10171487818,10022605591,252913743,104031516,148882227,0,0,190
stake1u9lt9stdkltzxgd4t003twm2xy9r9t4ce5ppym9efee8ztgdwuhhu,registered,pool18hzjrr0xhadznttzq0va5vdhz2xyzjrju5ac7ztkwajdg80uvw4,26131286,25097100,2332249519,2331215333,1034186,0,0,191
stake1uyn6dllmangvw05jq50ck8vhsm8zennhtryerqtpf65yeys9kpryv,registered,pool1qqqqdktl6pq46td0mwut0qn30g7nlue0sete9wxl0hwsq37wrw8,0,0,112588144,112588144,0,0,0,192
stake1uxys76g5l0y8wx4zyzcua0rfwmj7p38rgfqfpre8snp3plcxf7m4x,registered,pool1m83drqwlugdt9jn7jkz8hx3pne53acfkd539d9cj8yr92dr4k9y,131572222790,125000000000,30640333197,24068110407,6572222790,0,0,193
stake1ux74lxsra5hm23nstymmk6da5v5q74y5l4eajrvk3tpw87s8yurcx,registered,pool1y53awxsm6cmksp8qht8qfq5f5c69t6mrgrdcresk5y0ecv2yj93,117927,0,117927,0,117927,0,0,194
stake1u9t4gz3mzqfrgnna2jvhjanyggs49crl0uv0kwltcj3q6pg93jfx8,registered,pool1ddg6t2h9kj6lqlec4ncjs945lzj43m3ggrgdhf5sgzhtygpkznz,16143567048,15294994165,2263974021,1415401138,848572883,0,0,195
stake1uxgj47a2z8388yhffwgqxjfgfggtq0ducfawvtptucj27tgmuxy6g,registered,pool1u99x2rr6trfznwakv0959llmxmtgc2nvanc067uugl3ejuvvnc8,7281453,5930816,5135943137,5134592500,1350637,0,0,196
stake1uyugnu3yq49yl00pgh3z2x8jj26m8g34rk7kpt9u9tg5c3gzz0h8h,registered,pool1sjwdmeme5zs042jzwmdvxshhv27kepxke0mr02f2yzacsyd4wtu,173990,0,1111738487,1111564497,173990,0,0,197
stake1u9scfxfd6lvrsyg7yz0tatph29p0hvle3l93xn96qnnk8gq037c44,registered,pool14wk2m2af7y4gk5uzlsmsunn7d9ppldvcxxa5an9r5ywek8330fg,33388,0,3517539058,3517505670,33388,0,0,198
stake1uxzkym2524wme8qv3vaj55jlqrmqdnyvv83vrmtvvgsawwq8aw9xu,registered,pool13gdtqme63jprkug3j4wzslhmu0yk4kdx323rtxpjuz7rqv3yyes,0,0,0,0,0,0,0,199
stake1uyltajtqjrsp2zfxkanh999m08w2r57uncskv4yzrjehgucdtyg9c,registered,pool1vx9tzlkgafernd9vpjpxkenutx2gncj4yn88fpq69823qlwcqrt,200487386948,200487386948,287309576239,287309576239,0,0,0,200
stake1u9l49pavwjwyf794zut95d02vzs2zevsfvja52t5n53kdeqg6vn6g,registered,pool1r8938r4ts8f4t8nsp9xl9dktzapt7f67jgpsp4wrju39xrdnaye,19962132736,19913057686,1165040962,1115965912,49075050,0,0,201
stake1uxxqymv53g73lvfamste2z4w8v9j2ptx9ww39rnejdr60mgucxkym,not registered,,1951516,1951516,0,0,0,0,0,202
stake1u85kpgn035xdhxeyxgnlmtyqans5eu5u98y9p3yydjs6c9cm7zrsu,registered,pool144m894gswuy3se407ma5870nkaw5ylykrak73gf4kpepj50ulfa,295891,0,1000894032,1000598141,295891,0,0,203
stake1u939zjvaey04al6phktvqyzsad06mxrkgg8felz6zc56lmq8w333q,not registered,,0,0,4691156176,4691156176,0,0,0,204
stake1u8gu2vzsk2nc6hsphudhl3p6aum7nd59ajqjg9zp00uvxcqwsdray,registered,pool13gdtqme63jprkug3j4wzslhmu0yk4kdx323rtxpjuz7rqv3yyes,0,0,1563774139,1563774139,0,0,0,205
stake1uxfva2kgv7j9tj776dapktdw22pmt3zp7jsmpa7552stxhs96qmua,registered,pool1z5uqdk7dzdxaae5633fqfcu2eqzy3a3rgtuvy087fdld7yws0xt,210358330,187750828,1484810600,1462203098,22607502,0,0,206
stake1u8qxqza5t5z7jc7wmw242zv3au0tatvj7qhcwhk092cseeskahsgz,registered,pool1h5jtxde8j86qrnqzj32ugn480u7gw5xw8wqy5d227rl3vfg58qz,0,0,33159752,33159752,0,0,0,207
stake1u8paa7sr0zdtqmht7zfwxrqq8fg9mpnde5h3ummgpvmyujgnr7s4m,registered,pool18qahj5ggudguk69g9aaztf5dvapmazql4hdvd7v0947j7gy4wqf,1704446552,1657677169,84706557,37937174,46769383,0,0,208
stake1u8jx9eheackjl4uav9pyk7hkwm7kq4tkwgetwr79n60g7ac57vvwt,registered,pool1rjv02n5qtyden5frvyy34udlz3nqtkyu742mghcsww8nk4qycsh,1015454,1000000,60296790,60281336,15454,0,0,209
stake1uy5y2z965fk7ls5v9wapt430u4luguvuw2gd38ce0eax78sgvghlz,registered,pool14wk2m2af7y4gk5uzlsmsunn7d9ppldvcxxa5an9r5ywek8330fg,3571231,0,11667706859,11664254724,3452135,0,119096,210
stake1uyl8arxhjahpxqgt264fwszhtjrqufw05fj7quywn8vkvqcppuujj,registered,pool1d3gckjrphwytzw2uavgkxskwe08msumzsfj4lxnpcnpks3zjml3,15021688166,15000402420,2802252092,2780966346,21285746,0,0,211
stake1uxzczvzrzkqzexfq0pwczjgndmvakgu2e0jn2dwhe4kkujg904dpe,registered,pool1a8h59e07dezuget96cqu7ehfqpkcf0ahl29vu6d06zk4uqltt5l,0,0,714717,714717,0,0,0,212
stake1u9kljwuh7ugdckz3l5gxk32qfhqfdwspjnweppdw7ftr6qs6lnldz,registered,pool1ld9hkah2dkzh73pvh9tf6xr0x28us34msv3zcv2sase5vhvq962,2965838375,2924179349,3341416842,3299757816,41659026,0,0,213
stake1uxmqw0ckncrrw0tvj93yynym20ehjvce2rg3t8j7f39454ssn7am0,registered,pool1yl76e0fhq0kcfy2jqs2mt6hl9xeyrnesehqp0p4s896lwv7hrta,4333020,1877446,2331193141,2328737567,2455574,0,0,214
stake1u8hmjy5yqj07wveursve5p22642thtasfg3mmh8g8n3xgmqtq3zj2,registered,pool1k6knum588fm9fe5tmljeytyx65rv6h5jn8au824t86zt62nyd9e,6662906264,6383729377,51126562596,50847385709,279176887,0,0,215
stake1uyj4ewagqw9hhzyed6ga7u9a2n7csyxfhmsck4y5xcd96us423azj,not registered,,39114345,39114345,18961189839,18961189839,0,0,0,216
stake1u8y90l7s0u7geg8hc5hsqyesxupcuncqv5us4rpmzqxntdsw9xtyy,registered,pool1rvjj8cp3urh7de07pm0ceqha2x4lxws69lhd4429dm6djfjsy4l,210211480,187556749,1441177941,1418523210,22654731,0,0,217
stake1u939ha68chd59gtu4c4nxrq20yrtw3mh668dtxzgs34vs7q67pwtt,registered,pool1mwp8ewtzmun0426v9z0h9um2amswgfzn78rckfl2fc3t5sy0m5g,5670,0,542802501,542796831,5670,0,0,218
stake1ux7snnz0p0fngmyvkhzknsxqxe5m39zpym84kjnwtzwnjqgkklf67,registered,pool10capak8jppvj8h46e35xdth6h22pahtr3lcgscrpa06jzv0xn8w,12666657,11719364,6199698,5252405,947293,0,0,219
stake1uxmu9r3hen4kwhwjr0qylvudmrezyy2adpaxa2est0ej4tq27lk7j,registered,pool1lurfk0k0wwx54hlg8a7zp3jtstu57u59aeq7aketl55hknmmtu0,251198173,244265652,3379787435,3372854914,6932521,0,0,220
stake1uy9tvq444lvkwtzlalqpn5sswecfat6fgxmham5hushmacs2p9wdq,registered,pool1dmqzwuql5mylffvn7ln3pr9j7kh4gdsssrmma5wgx56f6rtyf42,109612018,109612018,111664236839,111664236839,0,0,0,221
stake1uxzplrm6mpjdeyuvta3nfu6q245as69eexq98cmk9wj7r5q82e42l,registered,pool15mv5w2vvfv2kplkrt40ylylyvdudv5axq5nyw6ln3v0gkd2auew,77383164,0,4134999894,4057616730,77383164,0,0,222
stake1u9f6v00zen5dm5jrcm8l97pjre0s9lxuu8smfqkp2qzm2dc6f6q7x,registered,pool17rns3wjyql9jg9xkzw9h88f0kstd693pm6urwxmvejqgsyjw7ta,14581,0,164166498,164151917,14581,0,0,223
stake1uyl8hty9exy4wt5pvjq0t08l3r5tsy0jyc79e0mdpy7v6qg8jc7dw,registered,pool1wxn9nsl8rvxa6r8e5eaak0ml6etfxnz2n9vqrmsw5nzgyexgkrn,17619692,1456735,132809558,116646601,16162957,0,0,224
stake1u8tukwzj0umsxwgc4dmzdreee56cv9e572dna6p2fxg808g3h0pz9,registered,pool1wz27a9pvd2jat98s375lxaaj7qxy405km4vzp83wn5vtwp59kvh,10575936,10184252,152878257,152486573,391684,0,0,225
stake1u8udsh0wnxll526udr2ezs3avjcfgzmwl3m8e228z0hmerg45a2pn,not registered,,0,0,40234119418,40234119418,0,0,0,226
stake1u8l445svs4l53pjmv2zq8u4w70kjwfc6zm9vxft5r9wqzzsa7gef3,registered,pool12n6lycv28kjtkzecfz2a3uujyxy6ewuwjcmjq84my67psqmgagv,307877878,279214334,3123289465,3094625921,28663544,0,0,227
stake1uxhexkukg7qjpc63pfw8wr5dncmg300s55v3j9d4m3uygeqgwhm07,registered,pool1dww6s8stvm7dl2n8740s3v5rnxmsuqcl8jcnu64g7cds5w29pft,92743242,88269995,5895734514,5891261267,4473247,0,0,228
stake1u89unj36mhl3ja49wpxehd8dchravvnsfyw5rhzp0cr8k4crxaslr,registered,pool1u2d3guvld9rk0586lyhk2n8kvkzmem7czwdltgem0mgczqd3ygu,1031368,1000000,31368,0,31368,0,0,229
stake1uxnlgdhczkkmtg400h2q9xvgw5m25v7z46ddem8ksaz23jctyv8gr,not registered,,0,0,0,0,0,0,0,230
stake1u9ysvuae7xetpejazyc0vvfmmvmkwzljxg7l42nlg4thujgef93f4,registered,pool18vej0s9gska8c847aj95g9v24duuxg2g63d5cuqngnxew643jw9,283063,0,114291377201,114291094138,283063,0,0,231
stake1u9cd9y3j62xl6akpz37am49rw9988h8a4ekjd9yyh4pns9gnjlykp,registered,pool1qa6lqyu67ghpa0evxfu9nzqkj3h82qpfku82ec79zdwru4pd25m,1074,0,5967283316,5967282242,1074,0,0,232
stake1uxfm7qvvfvdquujfp0ljn68h9vflzl3hdaay7064fv485ggq534z8,registered,pool1rkyc3ss904h066sffergss99r9p2kqa4k6ds0g4u5ud4x7yaajd,29740,0,116266953,116237213,29740,0,0,233
stake1uydlkf4qqzx3trlny976y6u7v8wmmr3cvktve9dvf68xr7shjmqdw,registered,pool1m7hcz7w6d2lk8ma8gm7x9hv5jfdq8u9384m6q462pjntsgfr982,0,0,2686971572,2686971572,0,0,0,234
stake1u8fsd8q829lvagz3cr3dtugm20asfumgv37ak8m9us39gxgn2yt7r,registered,pool1gclysx2h7fndj0jdajlmwvqr8q9tzu3rurjknacu0ff954fsg9a,39532484,0,1662632568,1623100084,39532484,0,0,235
stake1u8rhjf2w2slgg7hehwt02fgsdqe7tmvjm5uuraux7sa358gulpk4j,not registered,,0,0,140549545,140549545,0,0,0,236
stake1uy9dcw4ncjhvevayqsqvxsvshee4xl76ajvug3ydvz2uvvshh0med,not registered,,0,0,0,0,0,0,0,237
stake1uypuy9uhxw0dptlvx9ywpthtmj8gg7dlfuzf0hwv5wk3j7qedzja0,not registered,,0,0,0,0,0,0,0,238
stake1u9hlfxyv3xear7302weuwnqt27fat4fxyp43v7snklkhsccgptctz,registered,pool17xh922cr9skc0fqk7sr8at6xx6eluh5qyv9p7ca2x0mtc3st0mz,2957,0,38142497791,38142494834,2957,0,0,239
stake1u9xvcvaqs5w3z04tsfannmlfecjfgdp6ngphepr2k9yfuvcr4c8z2,registered,,3143482,3143482,24786345971,24786345971,0,0,0,240
stake1uxkrt03pces78wz702dyarv9r5548v0s74hdlxu0nkx99qqape82m,registered,pool1cjz6kg9a8ug9uk0nc59q60a67c2628ms58rd98gq587jwa2x5qt,42291252732,42145768001,2351818385,2206333654,145484731,0,0,241
stake1u9hwk9y4c3uv56xwykeldhw97dk7ck5pq7v5rkghg084t0sdged79,not registered,,6034231,6034231,580844643,580844643,0,0,0,242
stake1u8emu0ynm0qw4rgy4424hn6x5s3f44wm5xcmpdfr33z8t6slr7dkv,registered,pool1a2nh3ktswllhwf07fjahpdg5mpqyq7j950pyftq9765r6t4cefl,15308,0,157492449,157477141,15308,0,0,243
stake1u9j3ptmkw3adgrsy5jdyw7kalcvrny5f0hnf52zu69rck6cauchu2,registered,pool13crd2ljx87988umk22er6ynwadfwdqupdpcq6prc6v59z62kxse,14015586187,12918840324,6202115364,5105369501,1096745863,0,0,244
stake1u94jujkf49rcm5vvu3v9ewf3xpp5f4jczu4vvgd2nzktr0sua0yfs,not registered,,0,0,41887527438,41887527438,0,0,0,245
stake1uyjdrx4xcs0esy8a65e2vyeskdxjc45dgwzznkwdlatcsccttwhcu,registered,pool1v4wgyctxyxlcf90qtgflznv5f4fcm6cy0z80mchctekt20d3cww,365678608853,305507616242,60170992611,0,60170992611,0,0,246
stake1u9klfkrn7lu7qs7e56rv0setlh95jetav20yam65nylutjqhkjpgt,registered,pool1ekhy5xsgjaq38em75vevk8df0k0rljju77tljw288ys5kumqce5,691207,0,2017886326,2017195119,691207,0,0,247
stake1u9tsaclv6jnj4a0s3my39fuzfz7w8suas6ax8a3n5ztteuccdah93,registered,pool120563wl92yssz66evk4u9lxm7zh6gk2wws0zfe8ep4e0gc77ypt,191209521,191209521,3792872289,3792872289,0,0,0,248
stake1u93rj0dl96dv44twdagp42vafjjq5cf7le6xdcpfhclrszqpnrccx,registered,pool1qqqqqdk4zhsjuxxd8jyvwncf5eucfskz0xjjj64fdmlgj735lr9,0,0,66250663,66250663,0,0,0,249
stake1uxjdmnsn9es3v8wrqs35p9whasrzpfaxneftx3teuserl4qdzmyq7,registered,pool1e556526sqwugxwnmeumt9lhj5jukklg8vv3ynk75xt9vs7adr5y,0,0,0,0,0,0,0,250
stake1u9d0lejvusymrxcstxftanwecglkeltkaq5zxx6a78w7s4gnkkj6y,registered,pool1p9xatmrk0zdwckytc29zlnat4hhnr3ksw8sksnss4azmk85v0mj,0,0,6402509169,6402509169,0,0,0,251
stake1uxkaq5jy7ekjg40tkc64tafutrc7a8s09r59ywy5s627ymcdjutxq,registered,pool1xcn2yddehm5ncjx0p24vkguth4rta7zv3getcztflxs3kh9rexd,30363934718,28960839472,4989025366,3587298173,1401727193,0,1368053,252
stake1u9pfx4efxtrcx7a3k9aaql5v54t8wqazx0j9vlzwwzq0drcenspz2,registered,pool13lvqv30e0zuk9kjextyhdemzpyefhjgd077xhmqy4gw4xuvcm5f,0,0,148960767,148960767,0,0,0,253
stake1uypl4j5txtunmdlc5eckxvxc0436t653rs2dfmg79g3n2vqf5pk9j,registered,pool1qqqqqdk4zhsjuxxd8jyvwncf5eucfskz0xjjj64fdmlgj735lr9,0,0,0,0,0,0,0,254
stake1u8ajnrypqlgzqrpjp5sx7e6cjedvfw3dc3nd7cu2vn54chsl0w9a8,registered,pool1qqq0c53vaf5ju0n3fvujmyxwca0yhp65930evw9lngmr5705csz,55677888548,55005591474,4984408754,4312111680,672297074,0,0,255
stake1u8wt7yfddceqq2fruj3fa4t7cuqc4ext8sl6cnrvx7tw8ts7kx86q,registered,pool1ppznyu6qrvlw9uuqa3tslryjd40nh56jyvmaqw6kdf4kzq3y8kh,1200481,0,5754521840,5753321359,1200481,0,0,256
stake1uyxnumryg5yggr845sgtlam8e7hddtyyulmzl5trq4f9u5qgnh4wk,registered,pool1xxhs2zw5xa4g54d5p62j46nlqzwp8jklqvuv2agjlapwjx9qkg9,11657693,0,397739247,386081554,11657693,0,0,257
stake1ux4e8vcdrpk5rdaehs3vxdhahd6a6x43mh6ca6d6jp47eqs749dvt,registered,pool16tcjctesjnks0p8sfrlf8f3d3vrp2fdn2msy80sgg3cdjtayu3z,0,0,6557541302,6557541302,0,0,0,258
stake1u9ycxmcdayr0vjfdzpvdq0wsh0ksqz4s9g4w0x5c2dehhhqwd2hfw,not registered,,0,0,105155504,105155504,0,0,0,259
stake1uyvqcjyut0qwhhlayyghsvttxuqmh940np24pcrzquk0vvs57qm2l,registered,pool1z5uqdk7dzdxaae5633fqfcu2eqzy3a3rgtuvy087fdld7yws0xt,20118047,18409093,4220464079,4218755125,1708954,0,0,260
stake1uya03nw2k40kp65djac657s0rrq3m8zuz78p47e0fv5ue9qla424y,registered,pool1rjxdqghfjw5rv6lxg8qhedkechvfgnsqhl8rrzwck9g45n43yql,94500392407,93189035796,12620315347,11308958736,1311356611,0,0,261
stake1uxvu7nyjqk2h6653n625qmg082lv27hhqft4wmcz7dl4jlgxgldek,registered,pool1vc8jhqtwjrjwsfk6a0enx47hd2ufg98c34ta6lvl0zv0uhpech9,270901903,221655236,18951665447,18902418780,49246667,0,0,262
stake1u9ltw4vkyhs3adppexeaqmxm0puherc4gcuhgqpmcerffsglahha0,not registered,,0,0,1885232884,1885232884,0,0,0,263
stake1u9tq87gep4wecqafjz87ara8w4jdupw8uuf22r4uyzhp3lqsprkzr,registered,pool15zrkyr0f80hxlt4scv72tej8l8zwrcphmrega9wutqchjekceal,13071,0,285154654,285141583,13071,0,0,264
stake1u90rnn3x90cv0wnkmuqen776jy36qn3ykumpltjjrxnhuvc5z8rk8,registered,pool13lvqv30e0zuk9kjextyhdemzpyefhjgd077xhmqy4gw4xuvcm5f,2000000,2000000,2956839681,2956839681,0,0,0,265
stake1uxglg3jg4q38kcf9lpcj50auz25tnxfwcfgpg6npsgqfqqsqlwrpc,not registered,,0,0,4932987849,4932987849,0,0,0,266
stake1uytyf93u4f93rphtd3r4vhh7lxpygcnfvkpmc5a0aelpv9g63qfxc,registered,pool1pu5jlj4q9w9jlxeu370a3c9myx47md5j5m2str0naunn2q3lkdy,16114027,0,164166005,148051978,16114027,0,0,267
stake1ux7slvcdaamj3tkte79ad3ys40l636lxre0dgvu8w94neugq7kscn,registered,pool12t3zmafwjqms7cuun86uwc8se4na07r3e5xswe86u37djr5f0lx,128833519304,120354341393,14459392271,5980214360,8479177911,0,0,268
stake1uyp6v5u624c08ycetq40vnyqujecwsmfmhy2gyr9mqeagsqcy5p3n,registered,pool19w5khsnmu27au0kprw0kjm8jr7knneysj7lfkqvnu66hyz0jxsx,0,0,246082635,246082635,0,0,0,269
stake1u8cgpuqqhltjnulphs8wuzeglj9x4y9a3hju9y8jwqydf8gnt6aqu,not registered,,0,0,1185075648,1185075648,0,0,0,270
stake1u9tue50p46exmfejhzs02quh0eah63df8960z43wpw3s5wc8auna4,registered,pool1hntu7agmt8u5j9c20ejen7dvq0jfkvkpnul3mrdd8tppqvwfvt2,6553,0,1581012533,1581005980,6553,0,0,271
stake1u9sqn2glhvq4nzsz76yy9xhe2aj7esl5rf8p97tk234ur8qxjjxga,registered,pool1qzlw72zfwhhc0ptvzdpld06szu39x9mlm6782efy6sluz932fx6,591883,0,796994503,796402620,591883,0,0,272
stake1u9uu0jrhukyd09ca090jtd3lc5mrnq6utt3678p2yun2d7c6gf5au,registered,pool16agnvfan65ypnswgg6rml52lqtcqe5guxltexkn82sqgj2crqtx,1071625362,1002617859,1235787163,1166779660,69007503,0,0,273
stake1u89frcckmvaxj6ay3l7wr7y7kgx72r3qttnhpxz3ag6ph8g064e40,registered,pool19w5khsnmu27au0kprw0kjm8jr7knneysj7lfkqvnu66hyz0jxsx,0,0,114524249,114524249,0,0,0,274
stake1ux92c3cc3crllzdap85274rksncv7tr7kzc87nyj6psu3hqupw8vr,not registered,,1032727,1032727,955705113,955705113,0,0,0,275
stake1u8u6shvjwjyr0pfpqklrf7tt24fyzl025mv4yannx09jzvcygsw7h,registered,pool1hwlghkwnjsjk8370qt3dvp23d7urwm36f95fmxcz3np2kghknj9,0,0,0,0,0,0,0,276
stake1uyualje89h7p5szs845fm7tpufk5u898g9f9jag37tsrsuqrljrck,not registered,,0,0,0,0,0,0,0,277
stake1uyk78yjzkhlxhnu9lnujze5367nc99ltewlcrclkjfa98cstaz334,registered,pool19w5khsnmu27au0kprw0kjm8jr7knneysj7lfkqvnu66hyz0jxsx,0,0,110417772,110417772,0,0,0,278
stake1u885e66zxm72vyukzndp5rd7r9nnm6ehernxt2m9szesjuqh404px,registered,pool1qqqqpanw9zc0rzh0yp247nzf2s35uvnsm7aaesfl2nnejaev0uc,791484236,602479313,2488833163,2301286508,187546655,0,1458268,279
stake1u9luxmucnukpkkghms3v9x7nrwln4l2908ca2xqkzm9py5gcxrvey,not registered,,13149573,13149573,10946702,10946702,0,0,0,280
stake1uyykym0dpq4ylnwtvqhqwg08eunc5fpw797fecuajqkn9vc65uhfm,registered,pool1arsqn9w87wpqlm0sre66gs79dcs0jmwulytgke3vut7u62lttu7,46724406913,46713774743,4246940735,4236308565,10632170,0,0,281
stake1ux9q9uskrlpjefkuj8k02evlde2rypwzj8ldw2c2trv32dqrayawu,registered,pool1xlphlhnjvfeh40vcqf9fdewztsj6kyxq6604kaccpv00umjfu0d,79968202360,74995150085,9013437510,4040385235,4973052275,0,0,282
stake1uxaut3lsjhqt78gwaem4efnu32qgyr6rj4ryvmqd5qgg5lc69p8l4,registered,pool142xwjhpcvtp7tahpmn8tlnek7smefp9wn66z67j8vjpmjxqdg56,460217418,451572329,20166142589,20157497500,8645089,0,0,283
stake1ux349tw4p32hx7hqrzdm4e6wzfkhzaekk4hn53l0a4u862sr7p0fh,not registered,,0,0,0,0,0,0,0,284
stake1u80hf4m70ev59n78fyjv0mexzufsvgn9akcvwqh03kgv6fqwj8es5,registered,pool1qqqqqdk4zhsjuxxd8jyvwncf5eucfskz0xjjj64fdmlgj735lr9,0,0,110417772,110417772,0,0,0,285
stake1u9mhtr4gg67zjsd8f2rruusp4scx2tkpc8vfdtga0nvfxgga6efs4,registered,pool1lskcfz80qg2kr2p6776kl9emjn8ulkqsqse7um7skz4y2lwa0cu,1123265255,12410777,39084450212,37973595734,1110854478,0,0,286
stake1u9elq4svyvz3mwgjazv0ylcp6j0paads4nnyfg3w05d893g7mmf2g,registered,pool1vxvdypctdecvc2j7xu9y8h2fdxvkpjy2pp8luwg2h6dx5jlv0nk,506705016,473225269,77411460,43931713,33479747,0,0,287
stake1u8ys9ke29e9lm5jg2q7054e4auyejt4qc808zaumspglmschjvwem,registered,pool1fu69ry8k9qxfque9hng3lxcq7g30pykg38mtahah8x4mzpgls3k,32150201230,30419911696,2825171886,1094882352,1730289534,0,0,288
stake1uxe4ms0apyy9ne60camml307psvl8q9hyu69fglh7ct8dvgrnvdyz,registered,pool1ekcsyzwexl7p2kwxxh34hy28l6772vrmff7jwmuxsa6u6fzty9z,4634135833,3713556095,20275406284,19354988318,920417966,0,161772,289
stake1u8nswf3jyqcfqk5y76s6rp6l3r03mr20qsuhe6xqud7674clte37t,registered,pool18hzjrr0xhadznttzq0va5vdhz2xyzjrju5ac7ztkwajdg80uvw4,6143083147,6128013389,615053793,599984035,15069758,0,0,290
stake1uyadyhu954yzzhxrgh82tvnwhdm575enlvkl4x7j39ue2kqqzlmny,registered,pool1pshqcksxywy68lt04lw6uf35f4yssekh5dx2mxqmyrukke2z5y3,934782,0,130607824,129673042,934782,0,0,291
stake1u9crvlppyytrvwr24tdhs9jntkqj7plwavywjf8qka6rlpcew5pu2,registered,pool1lhz4gsk5ezdl5s4mv2kxgrkhzzhad6me2v0xmwuyt845vensdlc,27065050304,26726963118,1060971517,722884331,338087186,0,0,292
stake1uxj3w3x50h903jpj9xaq5fkp60cckxglvgmzjcvft7kv8cs3tmq3w,registered,pool1wll3vr4v605eap9hpjfpda5cjegqfkjt8hrz3kkxpnffqejhav3,2971815,2813396,1580004,1421585,158419,0,0,293
stake1uy7ccasgje45h004zws56ktp7nvcnktvez5c76hd84n6a6sd2g66l,registered,pool1qqqqqdk4zhsjuxxd8jyvwncf5eucfskz0xjjj64fdmlgj735lr9,1000014453380,1000014453380,0,0,0,0,0,294
stake1u8ujn5gf2mlqhnza6qwzjw47e5mnm7222g64mddsgmhu82cuaskzs,registered,pool1lvsa8e0dw6z8g2fkw7prnfa7627wuy5jjexaadck6w5sxw5xkvm,28600436319,28600436319,12556227146,12556227146,0,0,0,295
stake1uyfzr7w7df8ccf6q92tr03w30ctlye6az6q8yz6vqvuh8dgtau7ln,registered,pool1y0lq6rjckxxly36gf3wdsxzjzg97mq9c90una3vfq8pu77g7zkf,2870551,2705209,19472162333,19471996991,165342,0,0,296
stake1u9mc9rw9g4mdspvy6lmdh9pn7c0nh4szpup055u4yskd50s9c6xfk,not registered,,0,0,0,0,0,0,0,297
stake1uxrkez465cmpdrragd3rhcgrc6lllnasxd7qtl735l489egx9yfxe,registered,pool1qqqqqdk4zhsjuxxd8jyvwncf5eucfskz0xjjj64fdmlgj735lr9,0,0,535476388237,535476388237,0,0,0,298
stake1u9qdu8ysuf3pf6sgcma2522x7r7x9kz0j0pnpw6fkk08lesq6d7kz,not registered,,1797140,1797140,2091527965,2091527965,0,0,0,299
stake1ux6g9lm483t2znth3u2tlstyuf76r3jzgr2tkqu5j8s5a3gkwcmzv,registered,pool1j099ctc7kcc9fa78dz5qwsy2g0n96lrgletwxvxmyzh4zd7ck0j,18843670,18422261,887541128,887119719,421409,0,0,300
stake1uy6gfezlthcwjacu2sr7st2sg8pcnllrr04nang56sdumzgtcgqss,registered,pool1uyvyxt9k9g038h567x8halej4x87j7m4r4zyz9lhv4dcv83husk,113015567,83975397,22544912311,22515872141,29040170,0,0,301
stake1u9mxx7thgewdg2eygxy97l6rq9fr8yrwcxsz9ev9yzpd5cstpeyaj,registered,pool1u7mqtde27swkarngjsn5mmw3sy20zavlafgqkmg8qv2n2nwga0l,589004,0,2402755324,2402166320,589004,0,0,302
stake1ux8wd4zm3c0n6809umanjqeh8yrd77wfx7psnh2k9dm2c3gcyduy2,registered,pool1pnzwgsgzd6t4788sfr7dxjyusepyq9xaxnpyfcngewqf29t9ayd,7679660,0,426628291,418948631,7679660,0,0,303
stake1u8va5wzsxmmkdec990tkhddlvc5c6mevlxna48ctcp2ljhq27eg3a,registered,pool1qqq0c53vaf5ju0n3fvujmyxwca0yhp65930evw9lngmr5705csz,2134252,0,5144497,3010245,2134252,0,0,304
stake1u9rravxn9t6hj76zjhal7cam9q5xspl6qyaxxsjylzd23gcvtdwrn,registered,pool10akpqvczl93ep4rc59c0aqyn3dm0env2ydysuwmdm670wl24pd8,22308,0,169680304,169657996,22308,0,0,305
stake1u8urty9h2jw62egmk2pnzmw4mfqe3jx9xq0965qmc2u25dqxzukkx,registered,pool1g0hsnjnt0du3kp33gjua3npncngr3yg4ak2zfdhd4zvmy6r8hyd,100058482,95151119,1103087531,1098180168,4907363,0,0,306
stake1uxtn3v0cdk244q40se4d4c4tums42rhqaq8wwgdr5azd36caruycn,registered,pool1qwa8x4u4a2pff0xdv0haxpgk3tyrvl5adl2lpf3ztcftqruhea0,1043959669,987913497,177517087,121470915,56046172,0,0,307
stake1u8lg2sqsrw7n0crhuns52e66tyr0r0h8tp2f0xpq8d3wprg6k84se,registered,pool1u4sxd6x0qsy7evljt24vtnyhpxd098n609sfcmly6c096mr3jgq,15559,0,166088288,166072729,15559,0,0,308
stake1uxz5f0n5c99l3j4t47067je0x96umnxrlh9glc7yr8934sqq6f8jh,registered,pool195gdnmj6smzuakm4etxsxw3fgh8asqc4awtcskpyfnkpcvh2v8t,130889448911,125340635441,15825335333,10276521863,5548813470,0,0,309
stake1uyrzads8scd5g3m53cdn6596vcfnug6drme5ru7awr9xfaqvt7dm7,registered,pool1qqqqzyqf8mlm70883zht60n4q6uqxg4a8x266sewv8ad2grkztl,35821,0,1406956610,1406920789,35821,0,0,310
stake1u8h3jv6tgxnfpj6484m9tr5j5fex4t5xa6g7rz4ycqnwy2gc5lm83,not registered,,0,0,0,0,0,0,0,311
stake1uxw46d64mz43nmzad088h7kndsmf446hycg5tckku4dvxsgnv4v9n,registered,pool1xlphlhnjvfeh40vcqf9fdewztsj6kyxq6604kaccpv00umjfu0d,7742855271,7503869713,452917373,213931815,238985558,0,0,312
stake1u9x4xmrcvkawg2asruy83qyd3tgsp7f3xx2v4wmpw5kpzrcgdnkl7,registered,pool1qqq0c53vaf5ju0n3fvujmyxwca0yhp65930evw9lngmr5705csz,8571,0,1177909608,1177901037,8571,0,0,313
stake1u9ys8jyguchhelhy72edsrcs2f4apfrnjh93qued0j85ezgllfvuc,registered,pool1kkfkdces5mdcyc9dn2hgg3463jggjvw3h89nejjarkz25uavaqu,38,0,23441847,23441809,38,0,0,314
stake1uxsechzfhm6v4az2waxf329vj702vd3jxpuxle9a44ce0xc42k53e,registered,pool1q66d2n39uvln4hazyzv8fyq977mpqus78sjd2369qfn7cptdeyh,0,0,0,0,0,0,0,315
stake1u80cjasw2l5g3u4xlvzatsa5n8ncajmdacsnrhtgg5yflsgcurwzz,registered,pool12vs4c3cm0tr49c7alrevfs0xa5g3s4al4fn46h33e69uusat04v,49245814,0,49245814,0,49245814,0,0,316
stake1u9k9zrw043lyfmvqc3hu372um96pz2znjfyrapqhfkng0mgndwf9p,not registered,,0,0,0,0,0,0,0,317
stake1u82f46esqxuyryndjcmu7mukzmcncfc5sdektmspscrc7ds2jthvs,not registered,,0,0,0,0,0,0,0,318
stake1uyk0fmt745q7269a0ye4fzkqm6k9w48ljw29j6rv6nnddyslm4qcg,not registered,,0,0,0,0,0,0,0,319
stake1u89c8yhzgmyvcys4gcj6y39tvst0y843pxyv8yxpw7mycmq0hejty,registered,pool1m83drqwlugdt9jn7jkz8hx3pne53acfkd539d9cj8yr92dr4k9y,174873605,0,174873605,0,174873605,0,0,320
stake1u8qxnvgv8xyy6ae6c9x0jzfsta5s3h3n3wudvnewlglnsuqchvtrg,registered,pool1qqqz9vlskay2gv3ec5pyck8c2tq9ty7dpfm60x8shvapguhcemt,14664576653,14664576653,143259438776,143259438776,0,0,0,321
stake1uyexfn35v70m2rjw344360fzr9jzkr0vna647tlcej0kqes3769cf,not registered,,0,0,0,0,0,0,0,322
stake1uyxzt6c7mqrrkke4uynd0ndj2sn7eujrzz4ufzq0pk2cd9qgymm5u,registered,pool17xextu09ghdfcmsq83whq0a45geg83jxe4qt94sevu087tzdzkl,41751823417,39048217793,2928216439,224610815,2703605624,0,0,323
stake1ux88c6k68370zlq2zxukf4dtyypc7dsp98n7c9rpf7ea34cag8d3r,registered,pool1qqqqdktl6pq46td0mwut0qn30g7nlue0sete9wxl0hwsq37wrw8,3567893349,606799798,2961093551,0,2961093551,0,0,324
stake1uyhtzsdu9h7sn82ztzj5tekgztps03qx7zkmdlq20cjuprqx0x0nn,registered,pool1jhzf2mm6zdlhl6w89uhgx8nq8p6ykcc86qq58vjy0ejyxrrksfj,141292,0,125002031,124860739,141292,0,0,325
stake1u9z07jwyrlyh57dsvhmmdlt555vpvwdrky0ykf4le4k7zuc3pvuy0,registered,pool1w7c2j0px43jmudhf48ezp7dy8j7904c9l3wc7809lhh2z026hch,19500000000,19500000000,17923558107,17923558107,0,0,0,326
stake1uxaes2exx0fdxuv6hnp9gymf228uywycnlxty4f2kt8lamqlpxglf,registered,pool15zrkyr0f80hxlt4scv72tej8l8zwrcphmrega9wutqchjekceal,136867770,133693789,12229778754,12226604773,3173981,0,0,327
stake1uyscw684gawsdfme74euhgq6wln0785u9d2yku5ngtemqpsuw33c9,registered,pool1jhzf2mm6zdlhl6w89uhgx8nq8p6ykcc86qq58vjy0ejyxrrksfj,26438,0,55255521,55229083,26438,0,0,328
stake1u9zvvldslqsnslxtmnflhpj0486va3ln20r4en9f7r8vmqgv4yjzp,registered,pool1x0qm7xsyh2za3ltprxsgael544je4hg8tc3q3v5gv232z8jt4wp,6622423612,6272319190,797674899,447570477,350104422,0,0,329
stake1uyz9psarvrgusz78lkj37h6vwf0y3nrcuf6pfjvdg774nqs5ypwsc,registered,pool1qqvukkkfr3ux4qylfkrky23f6trl2l6xjluv36z90ax7gfa8yxt,5466132,4526272,32500562,31560702,939860,0,0,330
stake1u9vf5as2jpf3lmtq8yq6ls70td2yauf3ckyn6w073unx0hsxt55m9,registered,pool1ell3xjtspzzz4vtsatscan6rheltf7j3hh2s8qsam2h3jvcxzm9,1210115762270,1206918476668,151256020602,148058735000,3197285602,0,0,331
stake1uyjxmvv98dse3r80vqtun84ldrs99kl2r50e2ql06hndspgca3ceu,registered,pool18mgmqghey8az6duffc6e9tpzwxsquf00wpkl0jr8gvqxumkg4m0,117667319691,116586855737,5103311081,4022847127,1080463954,0,0,332
stake1ux03y0t76lcnz2035t5r4dw3m4h92z7tzhnt5p26cjjm66q5qfv2l,registered,,0,0,10634165613,10634165613,0,0,0,333
stake1u9pgn39rxkjlyq49d3r8rjkf5mxa6fc3q6p0kw94njqsahsppj5tw,registered,pool16kus5xvdysgmtjp0hhlwt72tsm0yn2zcn0a8wg9emc6c75lxvmc,56538743,10003579,1118777340,1074498987,44278353,0,2256811,334
stake1u95k3ny0ryvjwuhyd79g3s44l7v8xq7tuyct5vp4npc0t0szkv83w,registered,pool177q3zxxyqzp5kffeh5jxssnxk7rwnpkf04628kcsf0cyj6jaklw,275063531020,264983514173,21410233316,11330216469,10080016847,0,0,335
stake1u8ezv82l58tgkh4f5sxlytq3wrgervr928de4hpuhgpr5pgdae936,not registered,,25031023,25031023,0,0,0,0,0,336
stake1ux5hk7ltzkmewa4g7zz8ffmna9psdwhuxc20rjmugl32r3cjjkcyc,registered,pool18mgmqghey8az6duffc6e9tpzwxsquf00wpkl0jr8gvqxumkg4m0,20756426305,20389528015,1755555980,1388657690,366898290,0,0,337
stake1uxrm0gn5g9fv8tys6y8320gjxw8378vdeyhl59d4sxtyt7g8fh5h3,registered,pool12t3zmafwjqms7cuun86uwc8se4na07r3e5xswe86u37djr5f0lx,103763443934,94997297076,8766146858,0,8766146858,0,0,338
stake1uytw9vpkpeay8z83auqvdmud95mt6af4y3ypccvc46dy8nssvf8e6,registered,pool1jjry6f6q0swaq457ft9eclaxaskvrxnpj0v3w8edsyfryml3vj6,39282551002,39246270989,21132607246,21096327233,36280013,0,0,339
stake1uxweys48rmsjty3llg2gm5dteg48dt3jw83vn0wy0uq563shawa4g,registered,pool1wm5quxelvgk8q50jyfznf9asvelp9zf0tk2wu4jazlw9yj4uctw,5860915,1064248,3175636728,3170840061,4796667,0,0,340
stake1uyrymt6926pun7dxkhnkpzgp60rhuz55mdc2rv2c2dzwdwgjantvz,registered,pool16kus5xvdysgmtjp0hhlwt72tsm0yn2zcn0a8wg9emc6c75lxvmc,30414374460,26910872189,3503502271,0,3503502271,0,0,341
stake1uyt400ty3wclkchul5kkyx6q04rqnpwwzmdj2rdtcsu3uhqj7h7ar,registered,pool1myvgx4ef424e6nw2strqq7dxcepav52plyyhxrk0avaw7y098l2,5777165,0,3779558081,3773780916,5777165,0,0,342
stake1uyezt9nj4dh7ssy5usw8pxlpcfl9tzqahj3rcjl06365umgucefqw,registered,pool1nh9j5qucsddxkzn3m4dm4gxkhwtpya4wm4e0ye2u0puaqgkcm65,2996953600,2895508067,10262410481,10160964948,101445533,0,0,343
stake1uya8n0qfej69wtn85zz9229p0s0k98wc374vpzflclu5tlsyeyj75,not registered,,0,0,0,0,0,0,0,344
stake1uxx90v92yf9p2p0kkrz6wwpp7kkg6ma6e5yvdjzwv8q88wqe9kcpr,registered,pool17pv7m8h5dxsyt55upay8n8ake2cgcz4mcr737um2tl8d2wthzqr,3768631,0,529029572,525260941,3768631,0,0,345
stake1uxz4egcxhw9xcupfx77x28w8nvv36ru0wh67vjw3h775lksnze9f0,registered,pool1g8y2gz4sk7xhyaj469jlj3njyu5dlvqa7t7v9c2gk0yc69879z8,109672190160,100068789614,12652588836,3049188290,9603400546,0,0,346
stake1uxg0qaz96wuvzg3v5pcek873hvu802umgu9mjt6xlqwxdzgwehe87,registered,pool1h0524mtazrjnzqh5e4u060jsfk8lpsqqjfpa5gygjwuhqu34wvt,139381695579,124171318406,15210377173,0,15210377173,0,0,347
stake1uxdq8jk92aac4yd9lnfw0mzqncy4r7y8dyhulau3cjtjyhq8xp3gj,registered,pool1u7mqtde27swkarngjsn5mmw3sy20zavlafgqkmg8qv2n2nwga0l,37724240,36316902,13977553799,13976146461,1407338,0,0,348
stake1u9z900kfk6ytfj75697vqr0as5ls4av9hlyv0wtwl34fwmc5pdlee,registered,pool1g6g2d09le8hd6nv9jhyavewdnw8tu0ndst4lqysd00ru24cav0a,501848466304,500006493612,178189626547,176347653855,1841972692,0,0,349
stake1u85j32040elrz49uj4sgseja4amcwdykd9gt0g0ykr5uy8q85w0r6,registered,pool1ewrm7y47s9hv6hxku9n5gfnsuspymp0qqpwgvgm9rvm37cek2h6,153245177188,131325477706,25673551441,3753851959,21919699482,0,0,350
stake1u8a7dqycg7wf796c05qlghgzkk6prdal7n7t44ulekd8gqchjpvx8,registered,pool1vc8jp7uagxgh8trzx7r260ndcydz89ges8sws05cyv7jj8q8gqs,246144683309,230098577698,28431966382,12402835420,16029130962,0,16974649,351
stake1u9899mehy28hgqsx5gwr3459s2j06sczax90nej0s5aqhwswdgvsw,registered,pool1ljlmfg7p37ysmea9ra5xqwccue203dpj40w6zlzn5r2cvjrf6tw,25562334243,25000059443,2909554306,2347279506,562274800,0,0,352
stake1uxzkurfudqe2cm5jjltxjl4k9fjvy990fqhgcrdazxlxqzcg25uej,registered,pool1a2nh3ktswllhwf07fjahpdg5mpqyq7j950pyftq9765r6t4cefl,2231038,1951482,14362516270,14362236714,279556,0,0,353
stake1uxv2ljat3kjqxdfvpuwwqf93g8jf6hcgrm6e2qnxtcrrzygv0ymza,registered,pool1qqvukkkfr3ux4qylfkrky23f6trl2l6xjluv36z90ax7gfa8yxt,592932853892,592150641825,58032540252,57250328185,782212067,0,0,354
stake1u98npsaw6r7ah9zgl9sanjrx5zyx9cve5fw9vynsqa0qjlg6z3thf,not registered,,0,0,856147132,856147132,0,0,0,355
stake1uyj8n3wfjlaagkkgx449w2h7lu96f7k92hqrhuyqcf7mswgyywk05,not registered,,0,0,0,0,0,0,0,356
stake1u9dfqxkwh8m7qte4mestgx32v2xskaxzvr953kf9u8z9y0qcnz0nk,registered,pool1kchver88u3kygsak8wgll7htr8uxn5v35lfrsyy842nkscrzyvj,10798687357,10000000000,2310410243,1511722886,798687357,0,0,357
stake1u9cze7jmpgatap3w60uxu3ualu22ydt0dy4gtuq8a4vygagfc7hmk,registered,pool1u6kpt8hgqcm596kukj97ghefmxn8ks2cgwg8qqe0gtgscnufk5p,301264589279,300520537977,46680987821,45936936519,744051302,0,0,358
stake1u9d6ue5740ej8fce567mumgd7hazykn2eswuzw4vg94py2gud9au7,registered,pool1lqpymyzg9glc88r7urptuv0d8t2tu9ty7xtshvxmgpu0j4lp8p3,121286435,1591952,2237622497,2117928014,119694483,0,0,359
stake1u8wqrpra4tgghnvarznl8az8nke4ljjgsc6cg2ntvmpfmnshlguj0,not registered,,0,0,0,0,0,0,0,360
stake1uye5x2qregwg28f6x4q50l26nesd0mpx83g3gzaynrxzxns79qxhl,registered,pool1mh4ng2ldxk4sqfppzu6r4knxrk6e87e9c4wgrred84uy7xauzlh,2392177366,2204996849,187180517,0,187180517,0,0,361
stake1u9s6ufjlrhx0hm0gmr6j3rx6cfr8qvk8vl63cu9kkxja9ls4s7pe7,registered,pool1g5gmej3cj67td4pmvmacnls8nuq0gjld2pwfeg3jwpxujdx6lmu,1369222,0,26088904341,26087535119,1369222,0,0,362
stake1u9qypdg74hgyt0y3gkw3wy2zamldc25ntx3avmxns5n6dxq3pcfs7,registered,pool1qzlw7z5mutmd39ldyjnp8n650weqe55z5p8dl3fagac3ge0nx8l,65067019253,65067019253,78305951808,78305951808,0,0,0,363
stake1u9u2yq0deygk97jutzsvrlhq2fjsw2q682fg7774rspzfwceu38lf,registered,pool18l6lvx95vl5p88zfh7xjkx073s9gufpz4sa5q43fu7auqunjhg3,44504031437,42158890299,2345141138,0,2345141138,0,0,364
stake1uyvjx4ah9sa9tkf4rr24k7taa09rt5k93qdhnjsgw63m2ts9nm9k0,not registered,,2000000,2000000,12401425422,12401425422,0,0,0,365
stake1u9n46dghxrlkern2h62nxz2lf24vw829snwexw6dwn2upugspywjc,registered,pool17rjst78s67lvellg8s586rf076jxa3wnsdz730f4xk2zwuhrtej,3234671032,2878163841,356507191,0,356507191,0,0,366
stake1u8exa79x5a6cc94f5kram44gnhkgq38xpxesdkccn2mzc5gchf4jt,registered,pool1x0qm7xsyh2za3ltprxsgael544je4hg8tc3q3v5gv232z8jt4wp,0,0,1472039,1472039,0,0,0,367
stake1uytrztxtz08xy5zdg0u5ejy7kpc5394zept4tt9peytzqcske8atn,registered,pool1rvng7n968748udkc5rxy4h9zp9hms4s3jsfwuues76ft28uc056,7935123,6618759,238724937,237408573,1316364,0,0,368
stake1ux3rdl2sepgessud9npw0xmax6jq4zz5tgztkk758zgsjjs5cdghy,not registered,,202636848,202636848,0,0,0,0,0,369
stake1u925erles8nx26u5jfkshfccpmqxj8wfc0xv5fmw8gnh22gmcd0jk,registered,pool1g5gmej3cj67td4pmvmacnls8nuq0gjld2pwfeg3jwpxujdx6lmu,3176849,1766224,25871445731,25870035106,1410625,0,0,370
stake1uy8ttu5xgrm2dqva9369pvxfuthmm2zenygmf8h2jtvv8hsjgplps,registered,pool1udkx9rmgzf08z7zz4p7ykpdqsdv5nf0w8uf38wrsdn5dzk9nq4g,469251948069,458071306679,70826102335,60558892970,10267209365,0,913432025,371
stake1u93w9qtl8q6pqs24mca9w47l9ksqnt9fvf7aqr22t025pvghh2cpa,registered,pool1w6l6rvhxtym5psec3mvgrjlg28d6hrv8g9jjexadzmxfgndfg2f,28119592205,24279237562,14866030759,11025676116,3840354643,0,0,372
stake1u8n3ux0cwyr33np8umhlswv0wfp5jpj87qdp344znjynuts3u689a,registered,pool15jy6drcgudfn9vuueeap74fu88vr7r0z9wnd9xs92awrwlrwdmp,210018155172,210018155172,29186497293,29186497293,0,0,0,373
stake1uxv0wynkrg4dpgcrpnl8ej7r80redev40vgd02yj5u6s8vqclx8x9,registered,pool10ya6hxrssmyhl560gqyalhqxudkgfjdlc0e4krww6wweyaeajs8,141380411720,136422271651,12051305185,7093165116,4958140069,0,0,374
stake1u93s7elqqdwm3wz5kds742j3cpc8uw2lyh32tnvyax74g4cnrqp47,registered,pool1w7c2j0px43jmudhf48ezp7dy8j7904c9l3wc7809lhh2z026hch,81855504,1340055,11223743494,11143228045,80515449,0,0,375
stake1uy3py0s093z0r5r40pexzc5euu026zf94w286drhwqunces8vq84f,registered,pool18v9r8afalh50l4lstct2awdc3zspnvurcs7t45nv29uc2mnxc6c,10816861768,10000000000,2460382542,1646767060,813615482,442423,2803863,376
stake1uy9tyuyhutmnq78e4nz073w78e6cg9tvglepycyv69yvc5qzcv8hf,registered,pool1cj8dxjjlyn9xmjavr98ytmvlpd4vwgqp36kq8rl6jjyt6k2adfh,4371056,4044655,12523806303,12523479902,326401,0,0,377
stake1u9ajgatjhf5a3s0ce7wwa2zmzgd32jlk98eghzp6vvaqamcazyeyg,registered,pool19ht066hngsjfnv3mfsc8u9fgzl4w5qcrmh8l6zppwph6s2t7jn4,264809,0,2510552230,2510287421,264809,0,0,378
stake1u89c64dgtzkjquf4qfflwmt9aqsjtqw77gmah7x6mwyt27ce35zdv,registered,pool1jeu74g86ys4fekhykqcww99kdsq3nlym8a6kfw8s8ff3vskad70,57019352,0,1281044030,1224024678,57019352,0,0,379
stake1uy4tjqv4xs6mry3tlw5d6mmmj4gkx9cra9uhaqrk2k6yp7svx9xmk,not registered,,2492893,2492893,0,0,0,0,0,380
stake1u8l9ys9a5wsd2rqv92dpk86al7u2wgu88g0jkm7dzysnhas9v4xjf,registered,pool1smy2r8jdvgna5ykhe8rrch7h4qalyfafyzyh0rmanmq0jxptww7,419201211491,405926962975,66820496395,53546247879,13274248516,0,0,381
stake1uy3zmyyr6uw3k4ucp6tl9s8fdc6pxejgjm82z8d2ur07zkc0j4tlp,registered,pool1k633phcvz2hjhj45evwwau4w576jpq83acg5h84w23jauqu56cw,1054369551,988406051,1502375274,1436411774,65963500,0,0,382
stake1uyl7elhwlnj05mtxd8dsl5k8vxfa6mayffplkk9jqpm2stsyhj53l,registered,pool13n4jzw847sspllczxgnza7vkq80m8px7mpvwnsqthyy2790vmyc,20395728,20395728,72273261,72273261,0,0,0,383
stake1u8zajzfdrv6a0pfessuwu00gx7n8f97nrjqd8fd6gsu4qzq7a567q,registered,pool1wt0pf4u2xktp0f7apveu242w6nkm4ltk3m8g039lvuhwq4zdtf3,45770431,10055802,4813019790,4777305161,35714629,0,0,384
stake1uyewt9m6n477ru0qk9d8f5h7t90cv94htngha0xadt0t0fc9df78g,registered,pool1tmt8thfaqeqv499l3s7k5kl64s84nycvnx55ll3ksm9hq50p0ks,95933267264,91877401375,10147449173,6091583284,4055865889,0,0,385
stake1u8p8vajzjra935vww4rw89tsl2s3k9m44ygk5qd0z2z020gr4p5xe,registered,pool1hkklrx9ac7w57d79mnv76rxlgq4acg5ecwhyep7k3zn0u5cz2k9,100371003919,100034841580,15117685453,14781523114,336162339,0,0,386
stake1u97rh28362ml3ut7j4wpqk6s2le4gnhjyma0yrzhs6t4fzgxvatv6,registered,pool1cmaafeyy52ppz62jqmsm20c5p8nua7xx95lkkf96ktmqqj3w5td,384274853,378147015,47842177098,47836049260,6127838,0,0,387
stake1ux7cay54vdyjhp3p9a3wch0efq2wytye7egfg9tc3a4u7uckc93mh,registered,pool17ahr5ygy48vpdfnatqn2z4wfu2te4quapk2yx3k50ce6kd7feg0,52030,0,169603769,169551739,52030,0,0,388
stake1u89l23y3ky2p3nl0l7mvqa384ccd2zvelrmtcmy0ldqt0usxknqey,registered,pool1xlphlhnjvfeh40vcqf9fdewztsj6kyxq6604kaccpv00umjfu0d,8198410,0,846958632,838760222,8198410,0,0,389
stake1u9a9vqzykfvke38a5gxdmxug3lgpfm8pdn9jr0kz4m9u00gpsmglt,registered,pool13846y7q7tng3endxhet9qdcz5w0fjs09ytcye4dm5g54wmyqeqr,15002402546,14402264378,1345188135,745049967,600138168,0,0,390
stake1uxamxzn7lqdakm36f7cuyj697jmuam28rjaczkythy72uucqpx6vp,not registered,,0,0,0,0,0,0,0,391
stake1u9lk4fk3yt9h2ntegvtn8349fl8ng6qlvvw24c8ap7hzcugekk7jm,registered,pool1ljlmfg7p37ysmea9ra5xqwccue203dpj40w6zlzn5r2cvjrf6tw,1631874929,1564315152,164622341,97062564,67559777,0,0,392
stake1u9z7mt84kzru5gvktkj2jwmxcpdu6lwpjq2kkgla56wg0es9kn9kl,registered,pool16kus5xvdysgmtjp0hhlwt72tsm0yn2zcn0a8wg9emc6c75lxvmc,191839159831,171840370679,19998789152,0,19998789152,0,0,393
stake1u992jfv5qyxgk2d08437qnq3rpaztew69jpc2pg8uvneu0g3dmphf,registered,pool1lurfk0k0wwx54hlg8a7zp3jtstu57u59aeq7aketl55hknmmtu0,5845098,0,49221440,43376342,5845098,0,0,394
stake1u9mf30qlm7tcqaqwgkyursu83pzjsu459m9x0h8c9ycfzzcqcm4e0,not registered,,257753411,257753411,0,0,0,0,0,395
stake1u99elue2gwhlg8u3sjmkjfn54cdsufq833w6ajcf6h2p5ks6n48f2,registered,pool1nudasuv0lljpe0tswcverqvlh0v4226vgnpsuxn0e9nkvnvcvne,47611457980,45000423498,5433204710,2822170228,2611034482,0,0,396
stake1uy02pf9wlwyurldfmksu0cr7ym9hfx9schfcpkck4x923tsy98snh,registered,pool1pp7tn2w6ken4rpfcjwcdup3g4m5gcdhc9lgvrm3mnxz5stmrhq2,191186,0,848906797,848715611,191186,0,0,397
stake1uxs24428h8gw9yr3jqsxeg4lz5tfmx080y7mk90qadrt9xcp49lrp,not registered,,1896377,1896377,0,0,0,0,0,398
stake1uy736c8wzvrga6u0ffnf90s702n6jda3l9xv4cfyut66kfq4kspjr,registered,pool1qzlw72zfwhhc0ptvzdpld06szu39x9mlm6782efy6sluz932fx6,128294084,1585987,3268220424,3141512327,126708097,0,0,399
stake1uyeqnnhv8ya3adkxzl4d7ehtc9cwfpeem4hulenr707v4dcwwnuyq,registered,pool12t3zmafwjqms7cuun86uwc8se4na07r3e5xswe86u37djr5f0lx,12430041,0,117398938,104968897,12430041,0,0,400
stake1u905l0jm8qd4knygvnp2vfpss0ljj3sdtcweekwl8keeg2sfdxtrr,registered,pool1u7mqtde27swkarngjsn5mmw3sy20zavlafgqkmg8qv2n2nwga0l,24860220,0,181786626,156926406,24860220,0,0,401
stake1u9nmlh3fpc4pu8t3wahp0pvzl503z9qna2cw0hspf39hflct5lfua,registered,pool1dwthjmzrkm5q42yqa3x50jaye6pg57n7t569c44an6hzsg8qake,228,0,15178130999,15178130771,228,0,0,402
stake1uyj4hcpcw3llqu6pl7nrpj0y436tmznxx5spsh5sxg00whsrvdyez,registered,pool17kew7rtakc7g6qzydntann5umw08xq3ll2j7spk7en4kvff69fa,258323163178,252090843735,26829161710,20596842267,6232319443,0,0,403
stake1uys8djhjn3memx2wp60kzauk7g97p7ph02zxryt5c2kut8s6dacfz,registered,pool1tpy5yawzpetcverves0h6xdycxgrstehfvrkygydt9jcqxwpw3j,167837237199,148885924760,18951312439,0,18951312439,0,0,404
stake1uxajjg22lgqw3kzn2l7k8l9j04racyuda94ru4t7f03swrgfruf94,registered,pool12t3zmafwjqms7cuun86uwc8se4na07r3e5xswe86u37djr5f0lx,548675762238,488145939372,60529822866,0,60529822866,0,0,405
stake1u8sjczra684sylc8zjxcxjsp98pvarv0fc52stpzdwtrqzcpx6vzz,registered,pool1a2nh3ktswllhwf07fjahpdg5mpqyq7j950pyftq9765r6t4cefl,152528,0,747667604,747515076,152528,0,0,406
stake1ux9qughfnnahny3k65k2z6ha5qck5zwyl79zjrdgedzzeucdm0f35,registered,pool16kus5xvdysgmtjp0hhlwt72tsm0yn2zcn0a8wg9emc6c75lxvmc,192978198,109546717,115642602,32211121,83431481,0,0,407
stake1u8fsphx08wwaxygydqgfdtk7tj8gcw7vw4924w0ghgfz0tcdca99n,registered,pool12t3zmafwjqms7cuun86uwc8se4na07r3e5xswe86u37djr5f0lx,19608,0,12217774,12198166,19608,0,0,408
stake1uynw4pdepc3w6t2ky9kgeayd267gggmmtevnn8cqylr9gmqjp7wj2,registered,pool1ddg6t2h9kj6lqlec4ncjs945lzj43m3ggrgdhf5sgzhtygpkznz,82353684159,80025936019,11084994159,8757246019,2327748140,0,0,409
stake1uyy80t5yygpwk36xh9n9qhpk9zl7qlqtjurr83zwp8df8zsc647w2,registered,pool1s0cfkzheywsftgwp0yz7sq4rt5gyf7t5kfwj5a269kpxvndjn6q,20000325365,20000325365,3639302738,3639302738,0,0,0,410
stake1ux7ls2up70d46kgf96egur9zxapmaespkc5a6w5y5kxvkxq65pzu6,registered,pool1mkjtce8r8yeku0mmc9vpwl0scuwuwc8lz89ckpj3k0kwgvlunv5,5286532956,5286532956,2673180993,2673180993,0,0,0,411
stake1u8yllfv8rgxwh0fuyhpzs4uyeyx07c3gxm76kjqt2pp3wjcv5a52s,registered,pool1rpjjz68kmmetyxztmrstrwgz8lxf6v0d7vqgw98r5x8rc50jrdf,15841504,0,297686233,281844729,15841504,0,0,412
stake1uyu2zs5acr40aqslwlp72jm2laykl30w36ae6anamty80fgkrzct2,not registered,,0,0,2514107634,2514107634,0,0,0,413
stake1u876qs6qw0zxwq6vx5fqdvaakfd6n2gsh74zljd4cu6za7qtu9n78,not registered,,83765300,83765300,0,0,0,0,0,414
stake1uyha0eak86lcl74sf6tf0kn50zq2lh90n0ndqz08526sxts4s6rvh,registered,pool17kew7rtakc7g6qzydntann5umw08xq3ll2j7spk7en4kvff69fa,200090264217,200000790641,58248230562,58158756986,89473576,0,0,415
stake1u9xdvylgmexpky8zkq730t9k5xe9gm7mvf72slx66gl3dmqla7a2x,registered,pool1pshqcksxywy68lt04lw6uf35f4yssekh5dx2mxqmyrukke2z5y3,17995892,0,352505787,334509895,17995892,0,0,416
stake1uxljlu6mcttur5s5ffvnn69wa2kd7la8gy7fs2jj4k3xrjcshdzla,registered,pool1qqqqqdk4zhsjuxxd8jyvwncf5eucfskz0xjjj64fdmlgj735lr9,52510085723,47321340056,7102054447,1913308780,5188745667,0,0,417
stake1ux54czjfzdy7v6tpjh4ga72yryx3feq0c3df03heyuwjwjgaegh7w,registered,pool1a2nh3ktswllhwf07fjahpdg5mpqyq7j950pyftq9765r6t4cefl,32170281340,30000099084,4169662563,1999480307,2170182256,0,0,418
stake1uyx58r4ze6ku8vcj4gwc5l828g5kgqszh48g98xqleng6hse2k3me,registered,pool1knjqx4qtcjhvqrnmgs3yccfvjl6efl5vrcgezunktqvsx5tjrcq,187946505534,185319161216,18376394517,15749050199,2627344318,0,0,419
stake1uyqduf7gvzwlpflh4cysyf9vu8tge3wn8z3ntuwxhdvr6use9pz3t,registered,,0,0,2193707473,2193707473,0,0,0,420
stake1uyqh5wwujxvvd864uc0fah7dg5rd8rzpwq7hg4x0fjm23qsrzmlx5,registered,,0,0,416403115,416403115,0,0,0,421
stake1uyz8w3268f9qhp7ph6gvwlrtxa5yr785c5hy9drkjxa2cgq4vlv43,registered,,0,0,3677604399,3677604399,0,0,0,422
stake1uytl43rp36jka3hp960klqvw3t6anr4p3stgrwnc4tzyu8s0273pa,registered,,0,0,17562147199,17562147199,0,0,0,423
stake1u90m5jnkq0amrra36kxqcqxuq845hyvl9nnart7f9gv78xgu9l642,registered,,0,0,622342955,622342955,0,0,0,424
stake1u9kzs0ejsaxr5uh4pgdh5848umqzagefvh47lur9taqx0nqjx0kw7,registered,,0,0,11518461919,11518461919,0,0,0,425
stake1u9mrh5fwexcpgvuxw6lnmxp3aqvd3au9s4m6texzqwm5p0qjuxqz4,registered,,0,0,4538933323,4538933323,0,0,0,426
stake1u9ltk7lwx573vucj3z7hep09qlvqjk0m4ll5qdee6enrmvg77ja8z,registered,,0,0,3117423178,3117423178,0,0,0,427
stake1uxfwr3jj3cu7fecx7nwl6w45d767rw5xejsfuqpuslahjuq4k9ek6,registered,,0,0,2914820788,2914820788,0,0,0,428
stake1uxkgnxkwuazwcrteptr9pfuvz2lh7rvvyfx8ust3dp3av4sa7f3mq,registered,,0,0,17713352658,17713352658,0,0,0,429
stake1uxa02f8evv0jh2smv9cmue0k6efkp425lnlytpxysmemefgj8k4da,registered,,0,0,2349123360,2349123360,0,0,0,430
stake1u8rz66ct4htrv53dv5w83cr57hdv33kwt9lcd8wh3en5awgn42q53,registered,,0,0,5622018516,5622018516,0,0,0,431
stake1u83n7432uvm3cewk30qzcx57qsf6cmkrlvhk2pjddj6zu8qh32azm,registered,,0,0,11121158523,11121158523,0,0,0,432
stake1ux9fucarl38tmjq8chms25q3hl6e5h4lc94lnaca52vhzvqhal6m4,registered,pool17rjst78s67lvellg8s586rf076jxa3wnsdz730f4xk2zwuhrtej,144492464640,122702445974,21790018666,0,21790018666,0,0,433
stake1uxt08ahtgl200ev93d8hr9gdqlatgd4scua3vksn3sl90gcjjgxu7,registered,pool166dkk9kx5y6ug9tnvh0dnvxhwt2yca3g5pd5jaqa8t39cgyqqlr,17513496,16670960,980010596,979168060,842536,0,0,434
stake1uxw4gu340qw9mjjlx7eep5zary9apdwyskzq8wtf7pr8yagdg7g7e,registered,pool1pclcqwg45da00d4py9qfry3k86w7vkzjgfmvyrpx75g7u8t9nwf,624177429022,552945558926,71231870096,0,71231870096,0,0,435
stake1u96uq6f8qsfxn4n5mldqjhv0pefce5je3ysluwjruns34gsanl2rq,registered,pool1a2nh3ktswllhwf07fjahpdg5mpqyq7j950pyftq9765r6t4cefl,86876630,0,1417004191,1330127561,86876630,0,0,436
stake1u8tktu4npj40fg3zp4s38d4jxj4frwud2pf9tvdjksjwxzswe3fja,not registered,,0,0,0,0,0,0,0,437
stake1uxvy8q2vz7235f68358p477s0a635mn3vfva3u24zqtgdxgza800f,registered,pool19f6742plmyxw4w4tzhew003q67cf2w7c66v28mtk6f7fxf80ak7,516461389,516461389,0,0,0,0,0,438
stake1uyzx2dh3s8lhc0vg6m05whzm3znvlnc3aywtvxe35dy3zqsrtcwqx,registered,pool1vxz0deezj5c2950e7arpzfqxzq8zd9kawsullrzjw5rsq0yhxgr,1124100,0,17733746483,17732622383,1124100,0,0,439
stake1uy29y64fvv69cnl557t955ptpp5k2742j3sqqqtmj6hljscmn5wk8,registered,pool1pgnhp0rwruxw8mz7z2k5273dyqn4aqpujmd6lqgf3dt5z333a9w,0,0,0,0,0,0,0,440
stake1u95vwnq04k5u3c06xxt8ce9uhhne63gdqxey338503xmpjs7hm83t,registered,pool1nudasuv0lljpe0tswcverqvlh0v4226vgnpsuxn0e9nkvnvcvne,150420473131,150151212721,15044769947,14775509537,269260410,0,0,441
stake1u96mjw3all7927lt5pjqwn79p3yzv20s5tfxqq9rq24epug6fmtt2,registered,pool1vquhv3kh6xkklckaenl8alyuhfsld57ef5573aqauueyqacx4ak,83808813,67553545,1126995363,1110740095,16255268,0,0,442
stake1uxhgf82ltdnhl9f0zrs4f02h88p0gs4rhjz9f8azlqlk89c3gra55,registered,pool16kus5xvdysgmtjp0hhlwt72tsm0yn2zcn0a8wg9emc6c75lxvmc,6943297,1673898,336422887,331153488,5269399,0,0,443
stake1u94uxurkudkylnmdlgdwuw3wwp0aucryyn3y8x557a2rjygftdhye,registered,pool1jz5ljsnj4fzmk84j0wcw9ldy866dn07nzqg2ktyuyjvfvr3jgtq,18383,0,837170900,837152517,18383,0,0,444
stake1u85cw57eglzqp0sz4u4klxtf8yenctj9r090xrhqknj9lqsjluz2j,registered,pool1vafsg5t78rnx3qr3fv7ys9h50pnvxqhd4l8tj629l5zk7tc39ch,7381940,0,4137237980,4129856040,7381940,0,0,445
stake1u9lrp6pc9ck77p5t7e2mh8na6dep2amdw75sylyyx9wnlus3y9h8x,registered,pool1rjxdqghfjw5rv6lxg8qhedkechvfgnsqhl8rrzwck9g45n43yql,3052734089,3009176988,180663002700,180619445599,43557101,0,0,446
stake1uya5tgnynt2ttqvyfxyv6lz0urya03p0q8uq4fwav83zlxsm29sap,registered,pool1gqgyta9sku3crjzfl9kj7kxsgfkt98y98yeu09kx22zscrezuj7,88380449858,86156844607,7661297659,5437692408,2223605251,0,0,447
stake1u8wljgnnly9j3gkh6nenrx5exua2mn0775rsxmtgd6x078ql47srd,registered,pool1pfprlfz0ywcnewjegazz05ghgcfkvu40v6edsz6yn8w362sdjr8,2714530392562,2710822955508,353589529406,349882092352,3707437054,0,0,448
stake1ux3jeuq6rs2ptdkp0fv5m9tjk3f4erusv8tmrqpcvnzz66qemknk7,registered,pool1qnrqc7zpwye2r9wtkayh2dryvfqs7unp99f2039duljrsaffq5c,211008657,201119745,681347846,671458934,9888912,0,0,449
stake1uyw6k2lk2jqcf7yjlf6u4zmk2vnrz3gmxmhrqze968v8g5sa9naf4,registered,pool130f7tnlumxe5yuzsqqphy00cal8yugh5x66zgnz48zqyypns0k3,19216670,19216670,240367029,240367029,0,0,0,450
stake1uyvff69hsg3zrfq7va92ghvryunux3cjtkjtk4zjy4m85fsxt6z26,registered,pool1twd9vvegn3fqq0f4n08p3aml2ud8q87njs49900rycj4sr5hhcy,11163413,11163413,31707134317,31707134317,0,0,0,451
stake1u9wwz7pxal3chmf4ypcnzhhv089zpjuc8yssy2fn6gmuvrg4yf63w,not registered,,1251983934,1251983934,0,0,0,0,0,452
stake1u9hp5c7mr6g0vap3cxn7egvxqu8tmz73pn4y6p7ph2hgnagn6whpk,registered,pool12vs4c3cm0tr49c7alrevfs0xa5g3s4al4fn46h33e69uusat04v,2726945,0,149874735,147147790,2726945,0,0,453
stake1ux4kv4erm67cx3yu2x0qswaz8yzpskjgsyt24tnadt3muvqt4el8g,not registered,,0,0,0,0,0,0,0,454
stake1uxl8n09mf4mrglhpah2jeml4fqczdwgqax2pskfaa40sx0c0p6xa3,not registered,,51288232672,51288232672,0,0,0,0,0,455
stake1u8svnq8uzddnhutjlhn060ry8etukphsud7jja67xmlnydclq52wy,not registered,,0,0,0,0,0,0,0,456
stake1uxeslggktedhrjeuxxnqfendmmupv4ludhsfa5k3y4gfxjcv0r3w0,registered,pool1lfvzgsrghmugvpym868mh29288ez0nncz680mamzjygu2jpuwcd,252043054169,225037878859,27005175310,0,27005175310,0,0,457
stake1ux62stgx5367cshughw5p426adch2xqnmag662eghf0pxngntn3lc,not registered,,0,0,0,0,0,0,0,458
stake1u8875sh3nhtnjmwh60syef0szkjyc3zz75cpl27y3awl7jsj345f4,not registered,,0,0,0,0,0,0,0,459
stake1u8krq8nkg0xx7leeq90ldslag6wcmnzrv03g89uth2m8d5q6pft6c,registered,pool1ecvcst7k9eul4ggnljh0jw2s5nc2tyfmyzsx3xg3kmmz6ptgfwj,18106575,0,366497876,348391301,18106575,0,0,460
stake1ux7dvzree69yky2syf3rxfvj9z4w99xsfqsytwpzr0vws0qlre4pa,not registered,,0,0,0,0,0,0,0,461
stake1u8s38duduhtqc48e4zt3f0tw9zclts55ed5yc0uatrrvs3gyukawj,registered,pool1ecvcst7k9eul4ggnljh0jw2s5nc2tyfmyzsx3xg3kmmz6ptgfwj,12818231,0,430686899,417868668,12818231,0,0,462
stake1uyenhm5yptcaf4j4dkyel9epvr94g7h36dts6599t84ma0g2msety,registered,,2000000,2000000,663763329280,663763329280,0,0,0,463
stake1uxm6sv6hhs7032qwsuyzasz6hr8gr5r7ahzeppgcjax0zmgwjl5jm,registered,pool1ekhy5xsgjaq38em75vevk8df0k0rljju77tljw288ys5kumqce5,2416234,0,15064300,12648066,2416234,0,0,464
stake1u8cahuwpk8jwd7nph0fwlh4gmr3gtj55hxe2rrvj4tgrhugxlqva0,registered,pool19w5khsnmu27au0kprw0kjm8jr7knneysj7lfkqvnu66hyz0jxsx,2496029616,2220562089,275467527,0,275467527,0,0,465
stake1u8n4vegkx3jfjyqn7k9d58x4syssrze0f65psv8put5dnrgewu6at,registered,pool1xxhs2zw5xa4g54d5p62j46nlqzwp8jklqvuv2agjlapwjx9qkg9,2854339686,2558424967,295914719,0,295914719,0,0,466
stake1u9txppqtu2ny9w9lj6azv9vxx5zpfdfkrzdu5ahdf2zvh5qffqn8w,not registered,,1000000,1000000,0,0,0,0,0,467
stake1uxq7vk5lx8xkwzvthpc8nahuj2uhfftthuee9fg3janz6ssa8rkeq,registered,pool1efxh54fk0dj5uu2e4eu08klxl5ys3saphv3kec33kw3xv8738sc,6058311395,6029499776,369823658,341012039,28811619,0,0,468
stake1uyxfm00je9yc6kw9k9u8jsly2ghsd4q0kaklhx9h53k0ceqng8lr8,registered,pool108zdflss3ayqlm5c7vr6mtqj2uwl99vk28ur8dv4zswdzt6yauc,2979070,0,203474493,200495423,2979070,0,0,469
stake1uxffj3q96my75qka7jrr8lsc2xe3vxuan0t4uzthgs2zs4gww6p9m,not registered,,0,0,0,0,0,0,0,470
stake1u83vzmedlx7yxpnhvm2m635edr9pkdu9a03kw9kuv0fc9hskty9ew,not registered,,0,0,0,0,0,0,0,471
stake1u8rfp80xhwa4a6m9y64k6zkwyae945xsq345vayvydwl0nceskn5t,registered,pool15ccmgcc4k9t8auxw9v4dfjmrl2kqnuevawn8z6n7xv09utw9hh3,5209627228,5181925447,391451610,363749829,27701781,0,0,472
stake1uy6vmdfqvhthsyvamenlpsm0ykm7nzmpd49lngr6drhk9gssurmw0,registered,pool1pp7tn2w6ken4rpfcjwcdup3g4m5gcdhc9lgvrm3mnxz5stmrhq2,16774119355,15163672039,1610447316,0,1610447316,0,0,473
stake1uxmekvj9nxejnk3vgx9thyhp5z0wap8fq54kq2vkwwjavls0k7syd,registered,pool1lqpymyzg9glc88r7urptuv0d8t2tu9ty7xtshvxmgpu0j4lp8p3,503661,0,1133785901,1133282240,503661,0,0,474
stake1u9akqkm24xafcexdvscrzw2r4phjnrhp5qz0krn4nvkw0xgenmqf2,not registered,,100000000,100000000,0,0,0,0,0,475
stake1u85ayr955fxzm9ujqj6j2cy0ehkxx0kw72279ahc0w9vpeqydc88s,registered,pool1xppj5zu9kmuqk05u6dtd3dmtj7fl25cvjyzsc95gmfyjywaslnp,4199411,0,157761161,153561750,4199411,0,0,476
stake1u8esewahz6lqhxn7r69pds6q5pndahswzjezjt6nsn5kc8cl73tc4,registered,pool14skj6e4rpjanzclx3fc880xnl8xafgg63tmw93t9xspvwx985qu,412443,0,22539729,22127286,412443,0,0,477
stake1u9ypmmasxava6xrl3wc7t69py94cr36n7zn78t976h4eh2qum4np9,not registered,,0,0,0,0,0,0,0,478
stake1uxuenyycqksk5ga5jq69snusu6dzjfkxgsqmg3skgzszt5gpqyxqk,not registered,,0,0,0,0,0,0,0,479
stake1u8w9v9ptw9yly829qvem5zanyzy3e0x5j65fjxnuvywfvqssmxwyy,not registered,,1061124740,1061124740,0,0,0,0,0,480
stake1u9dtu9j3kxku0j3r4xhvvt7y995tltc0rne9w6w2jfhsevsdeyvxt,not registered,,0,0,0,0,0,0,0,481
stake1uygwjs0nhv96dzjvg5g4cnjqkwwr8t69fek8pn28q38v0mqr9s0rp,not registered,,0,0,0,0,0,0,0,482
stake1uyr334hfftwk5n9avuq82la9048d4eyhcj3s85jdyka90mqf3rkgc,not registered,,1109000000,1109000000,0,0,0,0,0,483
stake1uxw0wzmtwxln9ctdj2lm2lehxxmc5lknucm2sqkvy6f2r9g6c5ucq,registered,pool1g3ssnndd8e7lcmstkjl9ane9mup0eshv3aklg63u5tznwl4ch87,502371553,491717033,21474808,10820288,10654520,0,0,484
stake1uxv29kf3nyenaqq3xt58788p0669zxtlslpscuzmggyfmlg0svssx,not registered,,0,0,0,0,0,0,0,485
stake1u9gjmjp33tr6trlxjqjup7gaplemu2ve4yg6f60rnkhku9gglc9vp,not registered,,0,0,0,0,0,0,0,486
stake1uy9udrr3r7a4qnef8sa6kmvw4x77tzhz3tgd27nj9l4gx6qgw9n06,registered,pool16agnvfan65ypnswgg6rml52lqtcqe5guxltexkn82sqgj2crqtx,197125,0,197125,0,197125,0,0,487
stake1u8fypch2h7tjlm2hwk5wfffefyzptl5u5z0mc39wh27e2jqv73xcd,not registered,,0,0,0,0,0,0,0,488
stake1uygcvz9qykvm98zeaaa5ltz02u9tuj9h6m7azxpu323mg4g3sd2ls,not registered,,3816676294,3816676294,0,0,0,0,0,489
stake1uywnyyusa4eaar0u3d9gr4f3djquj2dl4lxxhrclyx8kvxss0s8n2,not registered,,0,0,0,0,0,0,0,490
stake1uxcj7cvdkr83h4hvdda6k920dnjewg7vzc0s7x4yrsahdwsc74kjw,registered,pool17rjst78s67lvellg8s586rf076jxa3wnsdz730f4xk2zwuhrtej,851423355,808319731,43103624,0,43103624,0,0,491
stake1u99k7v4tj0d9yj38fyam6nlkdh34fxr96sq54vzkyfcjgmgcnds40,not registered,,0,0,0,0,0,0,0,492
stake1ux2lldg8xu8ugy5lf97hy679ajquzxcaq9rtxya0ahp9rucpd7h7d,not registered,,0,0,0,0,0,0,0,493
stake1ux85zm0zdsnhzcqgkqht8dhz8ef0zuf7g4xyvqha2qpnefqml660a,not registered,,101720116,101720116,0,0,0,0,0,494
stake1ux5xs224z7haz2z833x2mqs4r3megzyfmrkgzeeghygqstc7nlsj9,not registered,,1724961,1724961,0,0,0,0,0,495
stake1uxvrg9ua6s987anytfr9jmwek9dvlh6g3p7mc5mq0qkg9gqymnw6m,not registered,,0,0,0,0,0,0,0,496
stake1uypxnfwvgvzlcg8j9nqwuxl9hm7ea2ueywym6vfu9rfdn9sglqd5n,not registered,,1565140000,1565140000,0,0,0,0,0,497
stake1u9rjt5mfrset9km5pfg756nn5pmskdc0f2cl7jgzxtl4a8spdr4rs,not registered,,0,0,0,0,0,0,0,498
stake1u9ml99txf694jrnfyszjuqeal3hmuya5t54eadq2gy4l3jg5ef0y4,not registered,,0,0,0,0,0,0,0,499
